{"type": "FeatureCollection", "features": [{"type": "Feature", "geometry": {"type": "LineString", "coordinates": [[-114.05682208947837, 51.03521847166121], [-114.05682879500091, 51.03524722158909], [-114.05684882774949, 51.03524923324585], [-114.05684564262629, 51.03526842780411], [-114.05681806616485, 51.03532835841179], [-114.05679233372211, 51.035363897681236], [-114.05676291324198, 51.03539474308491], [-114.05670247972012, 51.03545450605452], [-114.05667632818222, 51.035483088344336], [-114.05664883553982, 51.03551150299609], [-114.0565393678844, 51.035590628162026], [-114.05643912032247, 51.03563538752496], [-114.05620593577623, 51.035743933171034], [-114.05617115087807, 51.03576170280576], [-114.05603385530412, 51.03583311662078], [-114.05590158887208, 51.035904195159674], [-114.05568835325539, 51.03601282462478], [-114.05545349232852, 51.0361135751009], [-114.05525266192853, 51.036188090220094], [-114.05500908382237, 51.036321613937616], [-114.05497731640935, 51.036335276439786], [-114.05487011186779, 51.036366960033774], [-114.05469241552055, 51.036430997774005], [-114.05444590374827, 51.036528227850795], [-114.05438060872257, 51.03656116873026], [-114.05431372113526, 51.03659930638969], [-114.05416209250689, 51.036694860085845], [-114.05393653549254, 51.036804243922234], [-114.05373277142644, 51.036805752664804], [-114.05345424078405, 51.03674246929586], [-114.05322751030326, 51.03667608462274], [-114.05297261662781, 51.03660324588418], [-114.05280573293567, 51.03652688674629], [-114.05260314233601, 51.03644298389554], [-114.05247473157942, 51.036384142935276], [-114.05236165970564, 51.036356985569], [-114.05206359922886, 51.0363535489887], [-114.0518229547888, 51.03639646433294], [-114.05171348713338, 51.03641473688185], [-114.05159362591803, 51.03643611073494], [-114.05134443193674, 51.03649822063744], [-114.05108693987131, 51.036587320268154], [-114.05084311030805, 51.03670014068484], [-114.05063632875681, 51.03683106601238], [-114.05049802735448, 51.036997279152274], [-114.05047765932977, 51.03702477179468], [-114.05045854859054, 51.03704656474292], [-114.0503966063261, 51.0371704492718], [-114.05038026161492, 51.03719400241971], [-114.05034044757485, 51.0373446252197], [-114.05031370930374, 51.0374672524631], [-114.05028906650841, 51.03753212839365], [-114.05025880783796, 51.037584599107504], [-114.05020231381059, 51.037744944915175], [-114.05019041150808, 51.03777243755758], [-114.05008345842361, 51.03794409893453], [-114.05006895773113, 51.0379683226347], [-114.05002227053046, 51.038049291819334], [-114.0499806124717, 51.03813311085105], [-114.04991305433214, 51.03825808502734], [-114.04987080954015, 51.03831231594086], [-114.04970157891512, 51.03846285492182], [-114.04954073019326, 51.03859034366906], [-114.04931684955955, 51.0386570636183], [-114.04918919317424, 51.038660667836666], [-114.04900420457125, 51.03864281438291], [-114.0488235745579, 51.03862068615854], [-114.04869482852519, 51.03860693983734], [-114.04847522266209, 51.03858891874552], [-114.04834220185876, 51.038580955937505], [-114.04812209308147, 51.038555055856705], [-114.04807322658598, 51.0385500267148], [-114.04803181998432, 51.03854323737323], [-114.04776636511087, 51.03851247578859], [-114.04750887304544, 51.038485150784254], [-114.04724668711424, 51.03847852908075], [-114.04699447564781, 51.038537537679076], [-114.0467891190201, 51.03865513578057], [-114.04660153202713, 51.03882587514818], [-114.04653984121978, 51.03891698643565], [-114.04648133553565, 51.03901354596019], [-114.04646473936737, 51.03904137387872], [-114.0463715326041, 51.03916282765567], [-114.046286707744, 51.03926961310208], [-114.04618101194501, 51.03938972577453], [-114.04614639468491, 51.03943666443229], [-114.04612879268825, 51.0394618101418], [-114.04604447074234, 51.039593825116754], [-114.04602846130729, 51.039621233940125], [-114.04593676328659, 51.039793733507395], [-114.04584892094135, 51.03992583230138], [-114.04582696035504, 51.039949133992195], [-114.04570550657809, 51.04006178677082], [-114.04564457014203, 51.04010168462992], [-114.04544625431299, 51.04025524109602], [-114.04541490599513, 51.040274519473314], [-114.04523603618145, 51.0403891839087], [-114.04504610225558, 51.040517929941416], [-114.04486865736544, 51.04063988663256], [-114.04478358104825, 51.040692273527384], [-114.04469523578882, 51.04072689078748], [-114.04466480948031, 51.04074080474675], [-114.04459490440786, 51.04077273979783], [-114.04445677064359, 51.040841806679964], [-114.04439290054142, 51.04087768122554], [-114.04418092221022, 51.04101539589465], [-114.04396693222225, 51.041097873821855], [-114.0437931753695, 51.04111899621785], [-114.04358664527535, 51.04112301953137], [-114.04327693395317, 51.04112905450165], [-114.04314952902496, 51.04113609530032], [-114.04292397201061, 51.04115780442953], [-114.04273931868374, 51.04117238894105], [-114.04264879412949, 51.04117691516876], [-114.04234453104436, 51.041188230738044], [-114.04230119660497, 51.04118856601417], [-114.04200187884271, 51.04115294292569], [-114.04194253496826, 51.04104842059314], [-114.04191009700298, 51.0408537928015], [-114.041902218014, 51.04065480642021], [-114.04189643450081, 51.040625888854265], [-114.04184966348112, 51.04047794826329], [-114.04183767735958, 51.04042581282556], [-114.04182233847678, 51.040271082893014], [-114.04178839176893, 51.040067402645946], [-114.04177908785641, 51.04003882035613], [-114.04173156246543, 51.03984494693577], [-114.04172427020967, 51.03982072323561], [-114.04170993715525, 51.039684768766165], [-114.04170733876526, 51.03965333662927], [-114.04166232794523, 51.03946792893112], [-114.04162586666644, 51.03928201831877], [-114.04158228076994, 51.0390838701278], [-114.04156082309783, 51.038929307833314], [-114.04153425246477, 51.03878170251846], [-114.04152075760067, 51.03872730396688], [-114.04149904847145, 51.03854415938258], [-114.04148907400668, 51.038462268188596], [-114.04146367684007, 51.03834617882967], [-114.04144573956728, 51.038223719224334], [-114.04143551364541, 51.03814283385873], [-114.04140232130885, 51.03796346113086], [-114.04137457720935, 51.03783069178462], [-114.04136996716261, 51.03780278004706], [-114.04136418364942, 51.03774511255324], [-114.04132981784642, 51.03757596574724], [-114.04131590388715, 51.037408243864775], [-114.04130894690752, 51.0373480618], [-114.04128673486412, 51.03728536516428], [-114.04127852059901, 51.03725787252188], [-114.0412132255733, 51.03706290945411], [-114.0411738306284, 51.03704061359167], [-114.04113091528416, 51.037028040736914], [-114.04097241349518, 51.03701697662473], [-114.04076009988785, 51.03702594526112], [-114.04070972464979, 51.037021251395345], [-114.04056832194328, 51.037012450397015], [-114.04039112851024, 51.03701773099601], [-114.04015685431659, 51.03702435269952], [-114.04011553153396, 51.03702577762306], [-114.03980548493564, 51.037043295800686], [-114.03975988738239, 51.037046229466796], [-114.03966039419174, 51.03705327026546], [-114.03961605392396, 51.03704874403775], [-114.03956651687622, 51.03704949840903], [-114.03943844139576, 51.03704748675227], [-114.03916091658175, 51.03704161942005], [-114.03889185748994, 51.03704740293324], [-114.03862095437944, 51.03703189641237], [-114.03857837431133, 51.037031058222055], [-114.03833035379648, 51.03703994303942], [-114.03829053975642, 51.03704061359167], [-114.03802189975977, 51.037038434296846], [-114.03797554783523, 51.037038853392005], [-114.03770028613508, 51.03703139349818], [-114.03741496615112, 51.037040278315544], [-114.03736769221723, 51.03703944012523], [-114.03731882572174, 51.037038350477815], [-114.03716376051307, 51.037038350477815], [-114.03702135197818, 51.0370356682688], [-114.03697676025331, 51.03703994303942], [-114.03682253323495, 51.037117056548595], [-114.03678942471743, 51.037169778719544], [-114.03677064925432, 51.037226440384984], [-114.03678473085165, 51.03728192858398], [-114.0367943700403, 51.037469347938895], [-114.03679990209639, 51.03750321082771], [-114.03681750409305, 51.037693144753575], [-114.0368081163615, 51.03780982084572], [-114.03677995316684, 51.037912582978606], [-114.03676385991275, 51.0379783809185], [-114.03671247884631, 51.03813445195556], [-114.03670392930508, 51.0381649620831], [-114.03668356128037, 51.03827920742333], [-114.0366495307535, 51.038399152457714], [-114.03660787269473, 51.03854265064001], [-114.03658951632679, 51.038597133010626], [-114.0365538932383, 51.03873040527105], [-114.03654710389674, 51.03875806555152], [-114.03653788380325, 51.03881095536053], [-114.0365078765899, 51.03886200115085], [-114.03646730817854, 51.038886811584234], [-114.03618039563298, 51.03897758759558], [-114.03611350804567, 51.03899611160159], [-114.03628047555685, 51.039082361385226], [-114.03626840561628, 51.039099460467696], [-114.03622842393816, 51.039260644465685], [-114.0361878555268, 51.039411099627614], [-114.03611945919693, 51.03952031582594], [-114.03608710505068, 51.039582174271345], [-114.03599641285837, 51.03969474323094], [-114.03597411699593, 51.03972567245364], [-114.035953162238, 51.03975408710539], [-114.03588057495654, 51.03984729386866], [-114.03581502847373, 51.03991652838886], [-114.0357113443315, 51.040014093741775], [-114.03559123165905, 51.04011945426464], [-114.03556684032083, 51.04014619253576], [-114.03554169461131, 51.04017226025462], [-114.03535913676023, 51.04030259884894], [-114.03519057668746, 51.0404478572309], [-114.03505462221801, 51.04062018916011], [-114.03488748706877, 51.040783720090985], [-114.0348656103015, 51.04080878198147], [-114.03472286649048, 51.04095990769565], [-114.03469101525843, 51.04097742587328], [-114.03455011546612, 51.041154535487294], [-114.03448272496462, 51.041221506893635], [-114.03437334112823, 51.041300715878606], [-114.03416848741472, 51.04144798591733], [-114.03412892483175, 51.04147296398878], [-114.03406329452991, 51.041529290378094], [-114.03390831314027, 51.04166432283819], [-114.03388140723109, 51.0416878759861], [-114.03370010666549, 51.04185987263918], [-114.03352953493595, 51.04202893562615], [-114.03339827433228, 51.042200177907944], [-114.03327262960374, 51.042364882305264], [-114.03317774645984, 51.04247787036002], [-114.03307632543147, 51.042621955275536], [-114.03305453248322, 51.04264936409891], [-114.032974652946, 51.04278230108321], [-114.03295269235969, 51.042836448177695], [-114.03289410285652, 51.042972235009074], [-114.03287096880376, 51.04305102489889], [-114.03281682170928, 51.043171640485525], [-114.03278212063015, 51.04325110092759], [-114.03276711702347, 51.04327742010355], [-114.03270307928324, 51.04340549558401], [-114.03269025497139, 51.04343198239803], [-114.03267952613533, 51.04345863685012], [-114.03259679675102, 51.04360146448016], [-114.03254960663617, 51.04368838481605], [-114.03248162940145, 51.04383498430252], [-114.03246939182281, 51.04385786689818], [-114.03237425722182, 51.04402550496161], [-114.03233628720045, 51.04409599676728], [-114.0323213674128, 51.044124495238066], [-114.0322904381901, 51.04417931288481], [-114.03221315704286, 51.04437771253288], [-114.03220460750163, 51.044460609555244], [-114.03222505934536, 51.04457225650549], [-114.03226529248059, 51.04468625038862], [-114.03228649869561, 51.044709887355566], [-114.03231390751898, 51.04473302140832], [-114.03245690278709, 51.044844668358564], [-114.03255882672966, 51.04491147212684], [-114.03279259800911, 51.04499948211014], [-114.03303701430559, 51.04503896087408], [-114.03329450637102, 51.04512261226773], [-114.03352811001241, 51.0452039167285], [-114.0338100772351, 51.045286897569895], [-114.03403186239302, 51.045377254486084], [-114.03426035307348, 51.04547071270645], [-114.03453318402171, 51.04556660167873], [-114.03457484208047, 51.04557976126671], [-114.0347982198, 51.04564773850143], [-114.03497868217528, 51.045709094032645], [-114.03514808043838, 51.04577036574483], [-114.03532988391817, 51.045858124271035], [-114.03543256223202, 51.045903135091066], [-114.03554630465806, 51.04595703072846], [-114.03578636236489, 51.04607370682061], [-114.03600772842765, 51.04617588222027], [-114.0362536534667, 51.046300772577524], [-114.03637544251978, 51.04644175618887], [-114.03641391545534, 51.04662347584963], [-114.03641869314015, 51.04677552357316], [-114.03636446222663, 51.04696646332741], [-114.03629581443965, 51.0471707303077], [-114.03623839840293, 51.04735219851136], [-114.03622423298657, 51.04740768671036], [-114.03618777170777, 51.04755445383489], [-114.03615131042898, 51.04760239832103], [-114.03595877811313, 51.04763391427696], [-114.0356682613492, 51.04762192815542], [-114.03562207706273, 51.04761807247996], [-114.03542946092784, 51.04760583490133], [-114.03525444678962, 51.04759242385626], [-114.03494238853455, 51.04758630506694], [-114.03463795781136, 51.047562416642904], [-114.03459462337196, 51.04756057262421], [-114.03427954763174, 51.04754213243723], [-114.03419463895261, 51.04754221625626], [-114.03397159650922, 51.047539534047246], [-114.03382700867951, 51.04753400199115], [-114.03368820436299, 51.04752696119249], [-114.03348318301141, 51.04750005528331], [-114.03335351496935, 51.04748404584825], [-114.03304296545684, 51.047477424144745], [-114.03300306759775, 51.04747658595443], [-114.03268983587623, 51.04746996425092], [-114.03261037543416, 51.04746401309967], [-114.0323369577527, 51.04745755903423], [-114.0322922822088, 51.04746158234775], [-114.03207669965923, 51.047476921230555], [-114.03200511820614, 51.04750072583556], [-114.0319328662008, 51.04755252599716], [-114.03191149234772, 51.047577168792486], [-114.03187008574605, 51.047702729701996], [-114.03190361335874, 51.04791110381484], [-114.03189271688461, 51.04810263030231], [-114.03188064694405, 51.04818259365857], [-114.0318430121988, 51.048349644988775], [-114.03186664916575, 51.048553325235844], [-114.03181585483253, 51.048728255555034], [-114.03174393810332, 51.04881400242448], [-114.03167185373604, 51.04887032881379], [-114.03163966722786, 51.048895474523306], [-114.0315166208893, 51.048946687951684], [-114.03142374940217, 51.04896747507155], [-114.03114974498749, 51.04899689555168], [-114.0310987830162, 51.04899924248457], [-114.03081966564059, 51.048950711265206], [-114.03061464428902, 51.04886672459543], [-114.03037634678185, 51.048771757632494], [-114.03034030459821, 51.04875549674034], [-114.03023636899889, 51.04870369657874], [-114.03014215640724, 51.04866639710963], [-114.02999295853078, 51.04860780760646], [-114.02986899018288, 51.04856338351965], [-114.02958241291344, 51.04847311042249], [-114.02954209595919, 51.04845995083451], [-114.02939029969275, 51.04839532636106], [-114.02927429415286, 51.04834897443652], [-114.02901554480195, 51.04823615401983], [-114.02897665277123, 51.04821980930865], [-114.02872729115188, 51.04813138023019], [-114.02865612879395, 51.048108749091625], [-114.02862025424838, 51.04809382930398], [-114.02833761647344, 51.04803339578211], [-114.0280336048454, 51.048026187345386], [-114.0277383942157, 51.04804018512368], [-114.02769606560469, 51.04804454371333], [-114.02761350385845, 51.048052590340376], [-114.02736724354327, 51.04810254648328], [-114.02709717862308, 51.04817823506892], [-114.02706029824913, 51.04819349013269], [-114.0268112719059, 51.048300024122], [-114.02677673846483, 51.048316452652216], [-114.02658437378705, 51.04845458641648], [-114.02643760666251, 51.04860931634903], [-114.02628907933831, 51.048790868371725], [-114.02627617120743, 51.04882196523249], [-114.02620224282146, 51.04899337515235], [-114.02616125531495, 51.04919630102813], [-114.02614197693765, 51.04930124245584], [-114.0260842256248, 51.04950165376067], [-114.02607089839876, 51.04956275783479], [-114.02605346404016, 51.04966090992093], [-114.02603368274868, 51.04978973977268], [-114.02597802691162, 51.04999057017267], [-114.02596989646554, 51.050024181604385], [-114.02592706494033, 51.05022266507149], [-114.02592019177973, 51.05028737336397], [-114.02589689008892, 51.0504774749279], [-114.0258802101016, 51.050538662821054], [-114.0258561540395, 51.05070269666612], [-114.02580695226789, 51.050896821543574], [-114.02579647488892, 51.05092775076628], [-114.02576780878007, 51.0510544013232], [-114.02575775049627, 51.05111902579665], [-114.02574668638408, 51.05130711570382], [-114.02574836276472, 51.051333183422685], [-114.02574459090829, 51.05152051895857], [-114.02574534527957, 51.051555471494794], [-114.02574559673667, 51.05174297466874], [-114.02575112879276, 51.051805168390274], [-114.02575397863984, 51.05195688083768], [-114.0257559902966, 51.05201622471213], [-114.02575003914535, 51.05219735763967], [-114.02576604858041, 51.05235678143799], [-114.02578306384385, 51.052416544407606], [-114.02584986761212, 51.05254026129842], [-114.02586637996137, 51.05257018469274], [-114.02591189369559, 51.05265970341861], [-114.02594324201345, 51.052717454731464], [-114.02595581486821, 51.05274603702128], [-114.02604768052697, 51.05290059931576], [-114.0260670427233, 51.05292993597686], [-114.0260839741677, 51.05296161957085], [-114.02619746513665, 51.05315540917218], [-114.02628354728222, 51.05335984379053], [-114.02635688893497, 51.05354407802224], [-114.02643425390124, 51.05372571386397], [-114.02644297108054, 51.05375521816313], [-114.02651748619974, 51.053934674710035], [-114.02656987309456, 51.054112538695335], [-114.02659317478538, 51.054257210344076], [-114.02659485116601, 51.05428336188197], [-114.02658571489155, 51.05445904657245], [-114.02659568935633, 51.054648058488965], [-114.02659568935633, 51.05467814952135], [-114.02658957056701, 51.05480287224054], [-114.02658454142511, 51.05486967600882], [-114.02657322585583, 51.055057514458895], [-114.02657339349389, 51.05511886999011], [-114.02657708153129, 51.05515005066991], [-114.0265847928822, 51.05532011948526], [-114.02659954503179, 51.0554336104542], [-114.02659887447953, 51.05552547611296], [-114.02660306543112, 51.05571021325886], [-114.02660323306918, 51.05573988519609], [-114.02659292332828, 51.0559294000268], [-114.02658144012094, 51.05598748661578], [-114.02657054364681, 51.056182784959674], [-114.02657012455165, 51.056393506005406], [-114.02656911872327, 51.05642292648554], [-114.02657322585583, 51.05662333779037], [-114.02655721642077, 51.056805811822414], [-114.0265712980181, 51.05682500638068], [-114.0266267862171, 51.0568237490952], [-114.02665008790791, 51.0567272733897], [-114.02666752226651, 51.056536165997386], [-114.02666324749589, 51.05641504749656], [-114.0266561228782, 51.05635662563145], [-114.02665981091559, 51.056165266782045], [-114.02667062357068, 51.056053787469864], [-114.02666307985783, 51.055965442210436], [-114.02665964327753, 51.0559085290879], [-114.02666375041008, 51.055824710056186], [-114.02667246758938, 51.05574566870928], [-114.02669266797602, 51.05555456131697], [-114.02668772265315, 51.05534811504185], [-114.02668487280607, 51.05517863295972], [-114.02669057250023, 51.054985262453556], [-114.02669317089021, 51.0549570992589], [-114.02667062357068, 51.05475685559213], [-114.02667414397001, 51.0546394251287], [-114.02667347341776, 51.054608998820186], [-114.0266696177423, 51.054546469822526], [-114.02666157111526, 51.05437380261719], [-114.02665092609823, 51.05419049039483], [-114.0266505908221, 51.054165260866284], [-114.02661882340908, 51.05397021397948], [-114.02660851366818, 51.05393920093775], [-114.02655310928822, 51.0537810344249], [-114.0264676976949, 51.05360300280154], [-114.02645328082144, 51.05357433669269], [-114.02636107988656, 51.05340217240155], [-114.02633786201477, 51.05334525927901], [-114.02626334689558, 51.053206538781524], [-114.02625286951661, 51.053184075281024], [-114.02619754895568, 51.0530523955822], [-114.02618933469057, 51.05302850715816], [-114.02612789534032, 51.052886517718434], [-114.02603519149125, 51.052695494145155], [-114.02602219954133, 51.052670516073704], [-114.02591935358942, 51.052504805848], [-114.02588850818574, 51.05239039286971], [-114.02587903663516, 51.052302215248346], [-114.02587501332164, 51.052124267444015], [-114.02585992589593, 51.0519455652684], [-114.02586428448558, 51.05175655335188], [-114.02585992589593, 51.05172419920564], [-114.02585162781179, 51.05157349258661], [-114.02584869414568, 51.05154365301132], [-114.02586788870394, 51.05136117897928], [-114.02587476186454, 51.051330752670765], [-114.02588456869125, 51.05127291753888], [-114.02587618678808, 51.0511733405292], [-114.02588834054768, 51.05102615430951], [-114.0259042661637, 51.0508746933192], [-114.02590032666922, 51.050847955048084], [-114.02589471079409, 51.050819121301174], [-114.02590225450695, 51.05075927451253], [-114.02591155841947, 51.05072951875627], [-114.02591935358942, 51.050697080791], [-114.02595623396337, 51.050509326159954], [-114.02595187537372, 51.050479570403695], [-114.02596252039075, 51.0504240822047], [-114.02599948458374, 51.05031813494861], [-114.0260234568268, 51.05026432313025], [-114.02605547569692, 51.05012987740338], [-114.02607106603682, 51.050075981765985], [-114.02610953897238, 51.049976320937276], [-114.0261169988662, 51.049948493018746], [-114.02612839825451, 51.049793595448136], [-114.02613175101578, 51.04974405840039], [-114.02613996528089, 51.049718242138624], [-114.02614708989859, 51.049691420048475], [-114.02615723200142, 51.049606343731284], [-114.02618749067187, 51.04944256134331], [-114.02620241045952, 51.04939361102879], [-114.02621154673398, 51.04934625327587], [-114.02622546069324, 51.0492102149874], [-114.0262364409864, 51.049130000174046], [-114.02621414512396, 51.04902614839375], [-114.0262795239687, 51.04886261746287], [-114.02629846706986, 51.04883654974401], [-114.02643660083413, 51.0486766230315], [-114.02646325528622, 51.04865089058876], [-114.02655277401209, 51.048550391569734], [-114.02659602463245, 51.04849054478109], [-114.02676500380039, 51.048349644988775], [-114.02697832323611, 51.04822668246925], [-114.02701956219971, 51.048209331929684], [-114.02718032710254, 51.04815979488194], [-114.02730647474527, 51.04812350124121], [-114.02757662348449, 51.04806977324188], [-114.02762356214225, 51.04806633666158], [-114.02792480774224, 51.04804823175073], [-114.02797501534224, 51.04804940521717], [-114.02825731784105, 51.048056446015835], [-114.02839595451951, 51.04807086288929], [-114.02859284542501, 51.04810204356909], [-114.02887464500964, 51.048172200098634], [-114.02912283316255, 51.04825794696808], [-114.0292474720627, 51.04831779375672], [-114.02932609431446, 51.04835559614003], [-114.02936599217355, 51.0483724437654], [-114.0296309441328, 51.04849540628493], [-114.02966732159257, 51.048513846471906], [-114.02970621362329, 51.04853278957307], [-114.02995641343296, 51.04864099994302], [-114.03003939427435, 51.04867762885988], [-114.03016738593578, 51.048728171736], [-114.03030292131007, 51.04878231883049], [-114.03034885413945, 51.04880000464618], [-114.03053174726665, 51.04886622168124], [-114.0306169912219, 51.0489097237587], [-114.03083349578083, 51.04900452308357], [-114.03112015686929, 51.04906529188156], [-114.03120690956712, 51.049072835594416], [-114.03138728812337, 51.04907400906086], [-114.0314563550055, 51.04911248199642], [-114.0314740408212, 51.049144584685564], [-114.03154763393104, 51.0492791980505], [-114.03160161338747, 51.04933585971594], [-114.03171728365123, 51.049437867477536], [-114.03177260421216, 51.04948405176401], [-114.03186136856675, 51.04955714195967], [-114.03194292448461, 51.04964045807719], [-114.0319711714983, 51.04966862127185], [-114.03213084675372, 51.049857968464494], [-114.03216077014804, 51.049888813868165], [-114.03222497552633, 51.049941619858146], [-114.03239504434168, 51.05004840530455], [-114.03257609345019, 51.05015913024545], [-114.032660163939, 51.05019140057266], [-114.03274054639041, 51.050226436927915], [-114.03295755386353, 51.050310004502535], [-114.03306408785284, 51.05035518296063], [-114.0332024730742, 51.05043539777398], [-114.0334062371403, 51.050562635064125], [-114.03343725018203, 51.05058350600302], [-114.03360346332192, 51.050728764384985], [-114.03370111249387, 51.05083202943206], [-114.03371511027217, 51.050863126292825], [-114.03373095206916, 51.0508921276778], [-114.0337667427957, 51.05102749541402], [-114.0337685868144, 51.05105549097061], [-114.03377026319504, 51.051083067432046], [-114.03375844471157, 51.05113595724106], [-114.03374159708619, 51.051230588927865], [-114.03372701257467, 51.05142815038562], [-114.03373128734529, 51.0514600854367], [-114.03373220935464, 51.05165529996157], [-114.03373698703945, 51.05171456001699], [-114.03373673558235, 51.05190114118159], [-114.03373514302075, 51.051929807290435], [-114.0337183792144, 51.0521250218153], [-114.03371938504279, 51.05215678922832], [-114.03371469117701, 51.05230439454317], [-114.03371284715831, 51.052334904670715], [-114.03373958542943, 51.05251595377922], [-114.03373841196299, 51.0525447037071], [-114.03373531065881, 51.052571358159184], [-114.03374805115163, 51.052750227972865], [-114.03375148773193, 51.052807895466685], [-114.03376741334796, 51.05299464426935], [-114.03376372531056, 51.05302423238754], [-114.03377101756632, 51.05321089737117], [-114.03388283215463, 51.053268229588866], [-114.0341763664037, 51.053264206275344], [-114.03433193452656, 51.053257919847965], [-114.03443343937397, 51.053252974525094], [-114.03474809601903, 51.0532424133271], [-114.03505177237093, 51.053230008110404], [-114.03509535826743, 51.05323361232877], [-114.03542174957693, 51.053234953433275], [-114.03570028021932, 51.05324341915548], [-114.03574017807841, 51.0532458499074], [-114.03601845726371, 51.05325129814446], [-114.03616891242564, 51.05324408970773], [-114.03630235232413, 51.0532492864877], [-114.03644425794482, 51.05326152406633], [-114.03653235174716, 51.05327275581658], [-114.03662446886301, 51.0532802157104], [-114.03693174943328, 51.05329371057451], [-114.03722109273076, 51.05328935198486], [-114.03727314434946, 51.053292118012905], [-114.03738378547132, 51.053294045850635], [-114.03759526088834, 51.05327376164496], [-114.03764781542122, 51.05326705612242], [-114.03780011460185, 51.05326873250306], [-114.03798535466194, 51.05325808748603], [-114.03827763162553, 51.0532490350306], [-114.03832532465458, 51.05324945412576], [-114.03861274011433, 51.05325322598219], [-114.03871038928628, 51.05325750075281], [-114.03902797959745, 51.05326537974179], [-114.0393000561744, 51.05324576608837], [-114.03945654630661, 51.05323034338653], [-114.0395471546799, 51.0532336961478], [-114.03959476388991, 51.05323654599488], [-114.03974303975701, 51.05324065312743], [-114.03988620266318, 51.05325096286833], [-114.03993548825383, 51.053253058344126], [-114.04008569195867, 51.05326009914279], [-114.04027621261775, 51.053254986181855], [-114.04059145599604, 51.05324266478419], [-114.04080829583108, 51.05322623625398], [-114.04109504073858, 51.05323478579521], [-114.04138111509383, 51.053238809108734], [-114.04157247394323, 51.05323629453778], [-114.04188771732152, 51.053243670612574], [-114.04220011085272, 51.05325515381992], [-114.04251627624035, 51.05326906777918], [-114.0428052842617, 51.05328306555748], [-114.04285264201462, 51.05328348465264], [-114.04309990815818, 51.053294548764825], [-114.0431908518076, 51.05329790152609], [-114.04345421120524, 51.053276024758816], [-114.04363702051342, 51.053283317014575], [-114.04376928694546, 51.05329337529838], [-114.04409064911306, 51.05330033227801], [-114.04438326135278, 51.05328692123294], [-114.0446774661541, 51.05326797813177], [-114.04476673342288, 51.05326211079955], [-114.04508776031435, 51.05326353572309], [-114.04513352550566, 51.05326563119888], [-114.04541582800448, 51.05323964729905], [-114.04546620324254, 51.05323679745197], [-114.04576828703284, 51.05323906056583], [-114.04581137001514, 51.05324341915548], [-114.04602653346956, 51.053265295922756], [-114.04606978408992, 51.05326454155147], [-114.0462692733854, 51.05325683020055], [-114.04636424034834, 51.05326026678085], [-114.04664134606719, 51.05326320044696], [-114.04693303629756, 51.05326051823795], [-114.04720846563578, 51.05325557291508], [-114.04730569571257, 51.053258422762156], [-114.04760191217065, 51.05328029952943], [-114.0477061830461, 51.05328264646232], [-114.04792721383274, 51.05328164063394], [-114.04797834344208, 51.053281808272004], [-114.0481811016798, 51.053285328671336], [-114.04828369617462, 51.05328055098653], [-114.0483901463449, 51.0532751865685], [-114.0487046353519, 51.05327275581658], [-114.04894871637225, 51.05327392928302], [-114.04904024675488, 51.053271163254976], [-114.04913973994553, 51.053267139941454], [-114.04933436773717, 51.05327040888369], [-114.04963972046971, 51.05325951240957], [-114.04969059862196, 51.05326043441892], [-114.04993216507137, 51.05326973833144], [-114.05002151615918, 51.0532683134079], [-114.05019988305867, 51.053259847685695], [-114.05029652640224, 51.05326152406633], [-114.05058645643294, 51.05326630175114], [-114.0506318025291, 51.053267139941454], [-114.05090807005763, 51.053282814100385], [-114.05095542781055, 51.05328398756683], [-114.05124091543257, 51.05329035781324], [-114.05133320018649, 51.05329195037484], [-114.05162564478815, 51.05328306555748], [-114.05167878605425, 51.05327510274947], [-114.05182471498847, 51.053214417770505], [-114.05184952542186, 51.05318013578653], [-114.05187400057912, 51.053012162446976], [-114.05184022150934, 51.05281703174114], [-114.05181926675141, 51.052712174132466], [-114.05179529450834, 51.052620727568865], [-114.05178624205291, 51.05255777947605], [-114.05177207663655, 51.052374886348844], [-114.05179764144123, 51.052241027355194], [-114.05179931782186, 51.052213702350855], [-114.05179118737578, 51.05206442065537], [-114.05178649351001, 51.052033910527825], [-114.05178188346326, 51.051893681287766], [-114.0517867449671, 51.05186660774052], [-114.05175589956343, 51.05170961469412], [-114.0516921132803, 51.051641050726175], [-114.05164131894708, 51.051454804837704], [-114.05166135169566, 51.051257913932204], [-114.05172161757946, 51.05108977295458], [-114.05184181407094, 51.050990195944905], [-114.05208153650165, 51.05095708742738], [-114.05233684927225, 51.0509661398828], [-114.05262912623584, 51.05100167915225], [-114.05291142873466, 51.05105431750417], [-114.05295526608825, 51.05106563307345], [-114.05319624580443, 51.05114534497261], [-114.05333714559674, 51.05118934996426], [-114.05354912392795, 51.051268726587296], [-114.05378323048353, 51.05130644515157], [-114.05383477918804, 51.05132362805307], [-114.05408045277, 51.05140577070415], [-114.0543820336461, 51.05147944763303], [-114.05442201532423, 51.05148933827877], [-114.05466592870653, 51.05154985561967], [-114.05497019179165, 51.05162043124437], [-114.05501520261168, 51.05163166299462], [-114.05525316484272, 51.051697209477425], [-114.05543555505574, 51.05177499353886], [-114.0554719325155, 51.051790500059724], [-114.0557655505836, 51.0518747381866], [-114.05602882616222, 51.051939614117146], [-114.05627952888608, 51.05202041566372], [-114.05654473230243, 51.052081938833], [-114.05662997625768, 51.05210348032415], [-114.05692091211677, 51.05217246338725], [-114.05709081329405, 51.052206829190254], [-114.05717086046934, 51.05222275480628], [-114.05738258734345, 51.0522719565779], [-114.05746707692742, 51.05229307897389], [-114.05774351209402, 51.052359379827976], [-114.05790109187365, 51.05240439064801], [-114.0579411573708, 51.05241369456053], [-114.05802824534476, 51.05243389494717], [-114.05829655006528, 51.05251050554216], [-114.05854918062687, 51.05257764458656], [-114.05867968685925, 51.05260941199958], [-114.05875755473971, 51.052633970975876], [-114.05895419418812, 51.05270253494382], [-114.05903491191566, 51.052734553813934], [-114.05928377062082, 51.05281108058989], [-114.05956012196839, 51.05286086909473], [-114.05964561738074, 51.05288291350007], [-114.05989489518106, 51.05296983383596], [-114.06013662926853, 51.053036553785205], [-114.06032354570925, 51.05307108722627], [-114.06036947853863, 51.053084917366505], [-114.0604555606842, 51.05310972779989], [-114.06070550903678, 51.053187595680356], [-114.06091715209186, 51.05325733311474], [-114.06100256368518, 51.05328951962292], [-114.06124907545745, 51.05337794870138], [-114.0614069905132, 51.05341935530305], [-114.0615470521152, 51.053439220413566], [-114.06181485392153, 51.05351222679019], [-114.06201652251184, 51.053581880405545], [-114.0621461905539, 51.053624376654625], [-114.06241516582668, 51.05372873134911], [-114.0624643675983, 51.05374633334577], [-114.06258850358427, 51.05375614017248], [-114.06262655742466, 51.053743064403534], [-114.06264927238226, 51.05372319929302], [-114.0626071114093, 51.05362697504461], [-114.06249596737325, 51.05355170555413], [-114.06250149942935, 51.05347123928368], [-114.06251893378794, 51.05339219793677], [-114.0625558141619, 51.05331424623728], [-114.06249479390681, 51.05315105058253], [-114.06249068677425, 51.05312515050173], [-114.06251650303602, 51.052925158292055], [-114.06251700595021, 51.05290336534381], [-114.06254324130714, 51.05270706117153], [-114.06255992129445, 51.05249868705869], [-114.06256964430213, 51.052472619339824], [-114.06258431263268, 51.05240707285702], [-114.06254433095455, 51.05238544754684], [-114.06259118579328, 51.05216617695987], [-114.06255547888577, 51.052131140604615], [-114.06247132457793, 51.052143378183246], [-114.0622479468584, 51.05200884863734], [-114.06199087388813, 51.05188546702266], [-114.06194670125842, 51.0518644284457], [-114.06189808622003, 51.05184439569712], [-114.0616350620985, 51.05173107236624], [-114.0615903865546, 51.05171506293118], [-114.06130347400904, 51.05160450562835], [-114.06109551899135, 51.0515449102968], [-114.06087826006114, 51.0514619294554], [-114.06082964502275, 51.051442651078105], [-114.06078312546015, 51.05142337270081], [-114.06071632169187, 51.05138674378395], [-114.06064063310623, 51.05135187506676], [-114.0603471826762, 51.05127149261534], [-114.0602969750762, 51.05125774629414], [-114.06014777719975, 51.05123117566109], [-114.05995650216937, 51.05120309628546], [-114.05983035452664, 51.05117166414857], [-114.05969766899943, 51.051146602258086], [-114.05943841673434, 51.051082564517856], [-114.05935283750296, 51.05106370523572], [-114.05912510119379, 51.05101332999766], [-114.05883793719113, 51.05096714571118], [-114.05855789780617, 51.050907634198666], [-114.05838070437312, 51.05085860006511], [-114.05828984454274, 51.05083613656461], [-114.05824592337012, 51.05082364752889], [-114.05793445184827, 51.05075064115226], [-114.05767017044127, 51.05069783516228], [-114.05748543329537, 51.05066212825477], [-114.05739105306566, 51.05064536444843], [-114.05707782134414, 51.05059918016195], [-114.05703096650541, 51.05059088207781], [-114.05694077722728, 51.05057395063341], [-114.05667138285935, 51.05049457401037], [-114.05636586248875, 51.05041025206447], [-114.05632034875453, 51.05040078051388], [-114.05597610399127, 51.05031654238701], [-114.05597610399127, 51.05031654238701], [-114.05569195747375, 51.050249403342605], [-114.05564912594855, 51.05023850686848], [-114.05536556616426, 51.050163237378], [-114.05526808463037, 51.05014127679169], [-114.0549954213202, 51.05008101090789], [-114.05470096506178, 51.05002082884312], [-114.0546515956521, 51.050011022016406], [-114.05437507666647, 51.04995645582676], [-114.0542874019593, 51.04993877001107], [-114.05400493182242, 51.04989820159972], [-114.05373377725482, 51.04979912750423], [-114.05355046503246, 51.04970625601709], [-114.05347771011293, 51.04965973645449], [-114.05326908454299, 51.04957482777536], [-114.05318090692163, 51.049548760056496], [-114.053078815341, 51.0494829621166], [-114.05288209207356, 51.049392353743315], [-114.0526501648128, 51.04930425994098], [-114.05237657949328, 51.049207616597414], [-114.0523327421397, 51.04919194243848], [-114.05229301191866, 51.049172915518284], [-114.05207759700716, 51.04910644702613], [-114.05198925174773, 51.04908431880176], [-114.05191021040082, 51.04905724525452], [-114.05186000280082, 51.04904115200043], [-114.05175388790667, 51.049010809510946], [-114.05151994898915, 51.048922799527645], [-114.05139313079417, 51.04887971654534], [-114.0513102337718, 51.04884099215269], [-114.0510842576623, 51.04871065355837], [-114.05090211890638, 51.04861577041447], [-114.05074831098318, 51.04853848926723], [-114.05067128129303, 51.04849565774202], [-114.05046726576984, 51.0483552608639], [-114.05046307481825, 51.048325756564736], [-114.05045586638153, 51.048221653327346], [-114.05049375258386, 51.04809341020882], [-114.05048629269004, 51.04794521816075], [-114.05047531239688, 51.04787439107895], [-114.05041471123695, 51.047839522361755], [-114.05032594688237, 51.04781253263354], [-114.05009745620191, 51.04776014573872], [-114.04998228885233, 51.047733910381794], [-114.04980182647705, 51.04771505109966], [-114.04950988478959, 51.04767448268831], [-114.04924049042165, 51.04762519709766], [-114.04898475855589, 51.047519920393825], [-114.04889834113419, 51.04739377275109], [-114.04889021068811, 51.047362592071295], [-114.04888241551816, 51.047263937070966], [-114.04886783100665, 51.04720409028232], [-114.04875056818128, 51.04707702063024], [-114.04866222292185, 51.047043995931745], [-114.04854303225875, 51.04697090573609], [-114.04848804697394, 51.04691558517516], [-114.0484215784818, 51.04678667150438], [-114.04841386713088, 51.04662272147834], [-114.04839090071619, 51.04643345810473], [-114.04838344082236, 51.046403869986534], [-114.04834748245776, 51.04621251113713], [-114.04834488406777, 51.04618166573346], [-114.04835494235158, 51.04598050005734], [-114.0483610611409, 51.04592660441995], [-114.04836919158697, 51.04572610929608], [-114.04836039058864, 51.04554623365402], [-114.04836885631084, 51.04534045793116], [-114.04836324043572, 51.04524155147374], [-114.0483520925045, 51.045189248397946], [-114.0483536850661, 51.04504633694887], [-114.04836617410183, 51.04485992342234], [-114.04836776666343, 51.044796304777265], [-114.04836357571185, 51.04459631256759], [-114.04836541973054, 51.04456312023103], [-114.048385117203, 51.04447645135224], [-114.04841017909348, 51.04433077387512], [-114.04840799979866, 51.044299425557256], [-114.04845049604774, 51.04417554102838], [-114.0484852809459, 51.044150311499834], [-114.0487043838948, 51.04413203895092], [-114.04896455816925, 51.04416724294424], [-114.04926496557891, 51.044193394482136], [-114.04936546459794, 51.04420529678464], [-114.04964843764901, 51.044230442494154], [-114.0496973041445, 51.04423237033188], [-114.04998631216586, 51.04425667785108], [-114.05003467574716, 51.044255839660764], [-114.05036131851375, 51.044257851317525], [-114.0504539385438, 51.04425944387913], [-114.05077270232141, 51.0442731063813], [-114.05109372921288, 51.0442797280848], [-114.05114234425128, 51.04427830316126], [-114.05147384852171, 51.044280398637056], [-114.05175355263054, 51.0442868527025], [-114.05202202498913, 51.044277884066105], [-114.05227281153202, 51.04429221712053], [-114.05252921395004, 51.04429087601602], [-114.0528163779527, 51.044284757226706], [-114.05314126051962, 51.044287104159594], [-114.05336857773364, 51.04431048966944], [-114.05363897792995, 51.04433245025575], [-114.05393620021641, 51.044336054474115], [-114.0542268846184, 51.04435835033655], [-114.05431933701038, 51.04436321184039], [-114.05431933701038, 51.04436321184039], [-114.05451488681138, 51.04437008500099], [-114.0546071715653, 51.04438265785575], [-114.05492224730551, 51.04441358707845], [-114.05497119762003, 51.044415179640055], [-114.05519180931151, 51.04444191791117], [-114.05543060973287, 51.044418113306165], [-114.05567821115255, 51.04440964758396], [-114.05601625330746, 51.04439640417695], [-114.05605514533818, 51.044403444975615], [-114.056342728436, 51.04442917741835], [-114.05664372257888, 51.04441844858229], [-114.05670130625367, 51.0444145090878], [-114.05699618160725, 51.04440554045141], [-114.05704597011209, 51.04440327733755], [-114.05733992345631, 51.04439506307244], [-114.05739004723728, 51.044398583471775], [-114.05770084820688, 51.044411323964596], [-114.0579881798476, 51.04441920295358], [-114.05808297917247, 51.04442289099097], [-114.05839369632304, 51.04442750103772], [-114.05844331718981, 51.04442817158997], [-114.0586824528873, 51.044428339228034], [-114.0588275436312, 51.04442951269448], [-114.0591499954462, 51.04445147328079], [-114.05937052331865, 51.04445465840399], [-114.05950320884585, 51.04446245357394], [-114.05977293848991, 51.04447988793254], [-114.05994342640042, 51.04449857957661], [-114.06011232174933, 51.04452447965741], [-114.06015599146485, 51.04452632367611], [-114.06040007248521, 51.04448810219765], [-114.06065169721842, 51.044488940387964], [-114.06090692616999, 51.044566640630364], [-114.0609827823937, 51.044605281203985], [-114.06103340908885, 51.04461718350649], [-114.06128746457398, 51.0445994976908], [-114.06143984757364, 51.04458482936025], [-114.06146666966379, 51.04458952322602], [-114.0616559330374, 51.0445976536721], [-114.06181376427412, 51.04458407498896], [-114.06192859634757, 51.04458265006542], [-114.0620827395469, 51.04461684823036], [-114.06212884001434, 51.04461676441133], [-114.06220628879964, 51.04461575858295], [-114.06221131794155, 51.044548116624355], [-114.06224895268679, 51.044545099139214], [-114.06238624826074, 51.044543758034706], [-114.06269528903067, 51.04457812383771], [-114.06302645802498, 51.04460067115724], [-114.06308462843299, 51.044600335881114], [-114.06334488652647, 51.04457728564739], [-114.06339727342129, 51.0445786267519], [-114.0636108443141, 51.044570999220014], [-114.06393178738654, 51.0445648804307], [-114.06412239186466, 51.04457929730415], [-114.06438910402358, 51.04464643634856], [-114.06466369517148, 51.04468842968345], [-114.06487408094108, 51.044797729700804], [-114.06492286361754, 51.04483167640865], [-114.06497793272138, 51.04483134113252], [-114.06508103013039, 51.044709887355566], [-114.06521740369499, 51.04474324733019], [-114.0653186570853, 51.04482404887676], [-114.06548386439681, 51.044800663366914], [-114.06576490961015, 51.044738134369254], [-114.06587504781783, 51.04473939165473], [-114.06593388877809, 51.04472950100899], [-114.06611057929695, 51.04478431865573], [-114.06634954735637, 51.044866209849715], [-114.06645574606955, 51.04492303915322], [-114.06651550903916, 51.044993279501796], [-114.066676273942, 51.04496796615422], [-114.0667122323066, 51.04474634863436], [-114.06679135747254, 51.04471508413553], [-114.06682848930359, 51.04471793398261], [-114.06704859808087, 51.044716676697135], [-114.06733777374029, 51.044765543192625], [-114.06739007681608, 51.04478188790381], [-114.06743525527418, 51.0447942931205], [-114.06763524748385, 51.044885236769915], [-114.06768872402608, 51.044912058860064], [-114.06781579367816, 51.044924296438694], [-114.06788175925612, 51.04491566307843], [-114.06813346780837, 51.04489051736891], [-114.06824016943574, 51.044869646430016], [-114.06835340894759, 51.0448357835412], [-114.06856874004006, 51.04478272609413], [-114.06871567480266, 51.04477996006608], [-114.06888230703771, 51.0447615198791], [-114.06928472220898, 51.044818852096796], [-114.06929109245539, 51.04502722620964], [-114.06940332613885, 51.04509076103568], [-114.06945118680596, 51.045111464336514], [-114.06953006051481, 51.04511481709778], [-114.0697686932981, 51.045130491256714], [-114.06987665221095, 51.04530827142298], [-114.06987296417356, 51.04539217427373], [-114.06997321173549, 51.04551941156387], [-114.07004730775952, 51.045571714639664], [-114.07026758417487, 51.0457147937268], [-114.07031133770943, 51.04573273099959], [-114.07059883698821, 51.04575175791979], [-114.07064015977085, 51.04576466605067], [-114.07095925882459, 51.04555134661496], [-114.07122110947967, 51.045435005798936], [-114.0712954569608, 51.045421259477735], [-114.0715269651264, 51.04514113627374], [-114.07172117382288, 51.045030411332846], [-114.07181832008064, 51.044927230104804], [-114.07192829065025, 51.044955560937524], [-114.07201604917645, 51.04496628977358], [-114.07223179936409, 51.04496402665973], [-114.07228443771601, 51.04495572857559], [-114.07238292507827, 51.0449552256614], [-114.07249130308628, 51.04494349099696], [-114.07258191145957, 51.04494935832918], [-114.07291106879711, 51.04490585625172], [-114.07316730357707, 51.044922368600965], [-114.07344968989491, 51.04493913240731], [-114.07361196354032, 51.04495581239462], [-114.07389007508755, 51.044910214841366], [-114.07409182749689, 51.044824719429016], [-114.07433808781207, 51.04475883767009], [-114.07441109418869, 51.044750371947885], [-114.07451008446515, 51.044775852933526], [-114.07461008056998, 51.04482983238995], [-114.07464997842908, 51.044837879016995], [-114.07469591125846, 51.04487685486674], [-114.07471653074026, 51.044945837929845], [-114.07415620051324, 51.044550044462085], [-114.07394531182945, 51.04437503032386], [-114.07365940511227, 51.0441417619586], [-114.07370164990425, 51.04403053410351], [-114.07372335903347, 51.043981835246086], [-114.07372612506151, 51.04392291046679], [-114.07375018112361, 51.04387261904776], [-114.07384783029556, 51.04378402233124], [-114.07394028268754, 51.043729623779655], [-114.07401630654931, 51.04365896433592], [-114.07406039536, 51.043553268536925], [-114.07413734123111, 51.04342460632324], [-114.07407883554697, 51.043269792571664], [-114.0740707051009, 51.043236097320914], [-114.07399996183813, 51.04304876178503], [-114.07395067624748, 51.04284784756601], [-114.07400130294263, 51.042674174532294], [-114.07404631376266, 51.04264601133764], [-114.0741082560271, 51.04263008572161], [-114.07436231151223, 51.042659590020776], [-114.07468141056597, 51.042710384353995], [-114.07495801337063, 51.04271566495299], [-114.07501048408449, 51.04272186756134], [-114.07530326396227, 51.04274726472795], [-114.07535338774323, 51.04275246150792], [-114.0756453294307, 51.04274760000408], [-114.07594179734588, 51.04274491779506], [-114.07599032856524, 51.04274483397603], [-114.07632124610245, 51.04274667799473], [-114.0763721242547, 51.04274391196668], [-114.07667093910277, 51.04274768382311], [-114.07696355134249, 51.042765118181705], [-114.0770581830293, 51.04277358390391], [-114.07734593376517, 51.04280057363212], [-114.07763888128102, 51.04280945844948], [-114.07768858596683, 51.04280727915466], [-114.07793970778584, 51.0428171698004], [-114.07808639109135, 51.042819349095225], [-114.07822477631271, 51.042815912514925], [-114.07851235941052, 51.0427965503186], [-114.07879248261452, 51.042817337438464], [-114.07909406349063, 51.04282873682678], [-114.07933847978711, 51.04283904656768], [-114.07962933182716, 51.04284600354731], [-114.07968423329294, 51.0428501944989], [-114.07997600734234, 51.04286444373429], [-114.0800713095814, 51.04286980815232], [-114.08012294210494, 51.042872657999396], [-114.08042670227587, 51.042883889749646], [-114.0804735571146, 51.04288606904447], [-114.08074395731091, 51.04290409013629], [-114.0810364857316, 51.04292018339038], [-114.08118241466582, 51.042929738759995], [-114.0815066266805, 51.04294599965215], [-114.08175104297698, 51.042951196432114], [-114.08199705183506, 51.043016742914915], [-114.08224624581635, 51.04302386753261], [-114.08257221803069, 51.043031830340624], [-114.08274547196925, 51.042985897511244], [-114.08284639008343, 51.04299201630056], [-114.08310312777758, 51.04297340847552], [-114.08325877971947, 51.043007522821426], [-114.08346623182297, 51.04299947619438], [-114.08373135142028, 51.04296670295298], [-114.08406034111977, 51.04298170655966], [-114.0843817871064, 51.043008947744966], [-114.08467054367065, 51.0430140607059], [-114.08490372821689, 51.043011294677854], [-114.08522902987897, 51.04298916645348], [-114.08553220331669, 51.04300852864981], [-114.08579841256142, 51.043043565005064], [-114.08602933399379, 51.043029399588704], [-114.08623980358243, 51.04304934851825], [-114.08633192069829, 51.04306041263044], [-114.08642755821347, 51.04306871071458], [-114.08675026148558, 51.04306887835264], [-114.08706374466419, 51.04304633103311], [-114.08710950985551, 51.043044570833445], [-114.08740421757102, 51.04304691776633], [-114.08756473101676, 51.043050521984696], [-114.08786564134061, 51.043074410408735], [-114.08814090304077, 51.04310651309788], [-114.08845899626613, 51.04311020113528], [-114.08852219581604, 51.043107099831104], [-114.0888318233192, 51.04311414062977], [-114.08913684077561, 51.04315537959337], [-114.08943330869079, 51.043197959661484], [-114.08947848714888, 51.0431987978518], [-114.08973271027207, 51.043176501989365], [-114.08994535915554, 51.04318211786449], [-114.09021886065602, 51.04316887445748], [-114.0904582478106, 51.04317960329354], [-114.09074993804097, 51.04321924969554], [-114.0909469127655, 51.04327440261841], [-114.09117431379855, 51.043278677389026], [-114.09142199903727, 51.04321765713394], [-114.09165878780186, 51.04320357553661], [-114.09170405007899, 51.043194103986025], [-114.09197713248432, 51.0431417170912], [-114.09225817769766, 51.04315856471658], [-114.09254140220582, 51.04318153113127], [-114.09259177744389, 51.043181866407394], [-114.09291565418243, 51.04317708872259], [-114.09319317899644, 51.043201396241784], [-114.09351269714534, 51.04323877952993], [-114.09356072545052, 51.04323886334896], [-114.09384436905384, 51.04326241649687], [-114.09388300962746, 51.043264511972666], [-114.09417838789523, 51.0432730615139], [-114.09447108395398, 51.043289406225085], [-114.0945628657937, 51.04331103153527], [-114.09465816803277, 51.04339811950922], [-114.09466939978302, 51.043544467538595], [-114.0946836490184, 51.04372467845678], [-114.09468708559871, 51.04375619441271], [-114.09472790546715, 51.04392886161804], [-114.09475933760405, 51.04411778971553], [-114.0947946254164, 51.044238740578294], [-114.09480133093894, 51.044273441657424], [-114.09482547082007, 51.04446530342102], [-114.09484759904444, 51.0445804707706], [-114.0948688890785, 51.04468071833253], [-114.09487282857299, 51.04482186958194], [-114.09486469812691, 51.044840309768915], [-114.09486168064177, 51.044873502105474], [-114.09489009529352, 51.044936031103134], [-114.09488707780838, 51.04509964585304], [-114.09478146582842, 51.04521028697491], [-114.09474642947316, 51.04530533775687], [-114.0947510395199, 51.04535445570946], [-114.09471080638468, 51.04545327834785], [-114.09466059878469, 51.04545000940561], [-114.09464551135898, 51.04546702466905], [-114.09465556964278, 51.04550306685269], [-114.09470837563276, 51.04564715176821], [-114.0947613492608, 51.04582283645868], [-114.09476595930755, 51.045891819521785], [-114.09474232234061, 51.04603045620024], [-114.094706363976, 51.046154676005244], [-114.09474693238735, 51.046286607161164], [-114.0947528835386, 51.0463176202029], [-114.0947568230331, 51.0464296862483], [-114.09472840838134, 51.04654636234045], [-114.09471550025046, 51.0467388946563], [-114.09469932317734, 51.0469392221421], [-114.09469655714929, 51.04696746915579], [-114.09468272700906, 51.04712680913508], [-114.0946701541543, 51.047228230163455], [-114.09467057324946, 51.0473554674536], [-114.09467023797333, 51.047496031969786], [-114.09466336481273, 51.04761010967195], [-114.09466193988919, 51.04776735417545], [-114.09466713666916, 51.04796047322452], [-114.09466931596398, 51.04805367998779], [-114.09468322992325, 51.048209834843874], [-114.09469882026315, 51.04841695167124], [-114.09469831734896, 51.048621302470565], [-114.09469840116799, 51.04864829219878], [-114.0946788713336, 51.04883277788758], [-114.09468708559871, 51.04900695383549], [-114.09468004480004, 51.04920560494065], [-114.09465414471924, 51.04934558272362], [-114.09466847777367, 51.049536941573024], [-114.09467090852559, 51.049729473888874], [-114.09467300400138, 51.049915635958314], [-114.0946635324508, 51.05009919963777], [-114.09466948360205, 51.050134152173996], [-114.09467820078135, 51.05033959262073], [-114.09469211474061, 51.050541093572974], [-114.09469647333026, 51.0505742020905], [-114.09468465484679, 51.050703786313534], [-114.09467903897166, 51.05076774023473], [-114.0947084594518, 51.05095172300935], [-114.09472715109587, 51.05110184289515], [-114.09470552578568, 51.05128649622202], [-114.09470032900572, 51.05131055228412], [-114.09470183774829, 51.05147609487176], [-114.09470787271857, 51.051651779562235], [-114.09470644779503, 51.05182939209044], [-114.09472279250622, 51.051982613280416], [-114.09472161903977, 51.052184449508786], [-114.09473326988518, 51.05237438343465], [-114.0947253908962, 51.0524463839829], [-114.0946997422725, 51.05247865431011], [-114.0945993270725, 51.05251478031278], [-114.0943405777216, 51.05250036343932], [-114.09399968571961, 51.05250765569508], [-114.09394579008222, 51.05251100845635], [-114.09374864771962, 51.05250874534249], [-114.09369735047221, 51.05250363238156], [-114.0933976136148, 51.0525082424283], [-114.09335042349994, 51.05250874534249], [-114.0931605733931, 51.05251771397889], [-114.0930231101811, 51.05252777226269], [-114.09273041412234, 51.05254336260259], [-114.09267836250365, 51.05254193767905], [-114.09238600172102, 51.05253950692713], [-114.09220000728965, 51.052541099488735], [-114.0921520628035, 51.05253992602229], [-114.09185257740319, 51.0525531694293], [-114.09162115305662, 51.05254051275551], [-114.09157237038016, 51.05253984220326], [-114.09148092381656, 51.052546966820955], [-114.09118177369237, 51.05255451053381], [-114.09113232046366, 51.052555767819285], [-114.09081967547536, 51.0526015330106], [-114.09059084951878, 51.05260966345668], [-114.0904997382313, 51.05261159129441], [-114.09027367830276, 51.05261133983731], [-114.09017594531178, 51.05261997319758], [-114.08999942243099, 51.05267713777721], [-114.08972675912082, 51.052671018987894], [-114.08944068476558, 51.05265274643898], [-114.08939642831683, 51.05265509337187], [-114.08911823295057, 51.052672527730465], [-114.0888299793005, 51.05259818024933], [-114.08878446556628, 51.052590971812606], [-114.08873266540468, 51.052573872730136], [-114.08848783001304, 51.05255459435284], [-114.08819890581071, 51.05254235677421], [-114.08815255388618, 51.052541518583894], [-114.08783714286983, 51.05253355577588], [-114.08755567856133, 51.0525135230273], [-114.0874004457146, 51.052482929080725], [-114.08738368190825, 51.052475553005934], [-114.08737689256668, 51.05246365070343], [-114.08738401718438, 51.05238611809909], [-114.08734831027687, 51.05220573954284], [-114.08722375519574, 51.052043214440346], [-114.08719659782946, 51.05201262049377], [-114.08712753094733, 51.0518158134073], [-114.08714555203915, 51.05176669545472], [-114.08721637912095, 51.051688408479095], [-114.08730103634298, 51.051630321890116], [-114.08756808377802, 51.051538456231356], [-114.08783798106015, 51.051462264731526], [-114.08793931826949, 51.051443153992295], [-114.08822648227215, 51.051389509812], [-114.0885051805526, 51.0513271484524], [-114.08881505951285, 51.0512581653893], [-114.08905168063939, 51.051229666918516], [-114.08931923098862, 51.05117937549949], [-114.08958326093853, 51.051116678863764], [-114.08967269584537, 51.051096729934216], [-114.08976892009377, 51.051079044118524], [-114.08981963060796, 51.051070829853415], [-114.09005247987807, 51.051033195108175], [-114.09009891562164, 51.051025819033384], [-114.09027887508273, 51.05098742991686], [-114.09036973491311, 51.050968738272786], [-114.09064516425133, 51.05090486817062], [-114.090691851452, 51.05089506134391], [-114.09097759053111, 51.050830939784646], [-114.09102595411241, 51.050821552053094], [-114.09130205400288, 51.05076706968248], [-114.09155275672674, 51.05069934390485], [-114.09177026711404, 51.05060001835227], [-114.09194863401353, 51.05050664395094], [-114.09197721630335, 51.05048677884042], [-114.09218609333038, 51.05034202337265], [-114.09222490154207, 51.050323164090514], [-114.09242304973304, 51.05020388960838], [-114.09267232753336, 51.05007070116699], [-114.09288891591132, 51.04995989240706], [-114.0929816197604, 51.04990138672292], [-114.0931571368128, 51.04976233094931], [-114.09334447234869, 51.04964213445783], [-114.0935582946986, 51.04950156994164], [-114.09379843622446, 51.04938422329724], [-114.09402986057103, 51.049314737319946], [-114.09431509673595, 51.049281377345324], [-114.09458390437067, 51.04926561936736], [-114.09490224905312, 51.04926461353898], [-114.09495379775763, 51.049259416759014], [-114.09510207362473, 51.04928313754499], [-114.09537691622972, 51.04928716085851], [-114.09556752070785, 51.04928548447788], [-114.09574152901769, 51.049282969906926], [-114.09588142298162, 51.04927374981344], [-114.09597177989781, 51.04926302097738], [-114.09620781429112, 51.04924541898072], [-114.09648357890546, 51.04922077618539], [-114.09680561162531, 51.0491909366101], [-114.09712202847004, 51.04915967211127], [-114.0974382776767, 51.04911449365318], [-114.09752771258354, 51.049108458682895], [-114.09785058349371, 51.0490772780031], [-114.09812802448869, 51.04904844425619], [-114.09845827147365, 51.04901483282447], [-114.09851191565394, 51.04901039041579], [-114.09880762919784, 51.0489787068218], [-114.09908976405859, 51.0489303432405], [-114.09927944652736, 51.04892263188958], [-114.09950776956975, 51.0489113163203], [-114.09979535266757, 51.048898827284575], [-114.09988990053535, 51.048900336027145], [-114.10021780058742, 51.04890578426421], [-114.10030379891396, 51.04890930466354], [-114.10060856491327, 51.04892271570861], [-114.10069313831627, 51.04892799630761], [-114.10090302117169, 51.04893679730594], [-114.10099379718304, 51.04895138181746], [-114.10125179216266, 51.04896898381412], [-114.10152713768184, 51.048987256363034], [-114.10157416015863, 51.048987759277225], [-114.10184296779335, 51.049005864188075], [-114.10188772715628, 51.049006786197424], [-114.10207916982472, 51.049017598852515], [-114.10226717591286, 51.049029836431146], [-114.10259708762169, 51.04905347339809], [-114.10292004235089, 51.04907300323248], [-114.10318549722433, 51.04908767156303], [-114.10346679389477, 51.0491013340652], [-114.10355824045837, 51.04910233989358], [-114.10374289378524, 51.04911248199642], [-114.10407188348472, 51.04914776980877], [-114.1043387632817, 51.04916939511895], [-114.10460011102259, 51.04919018223882], [-114.10482441075146, 51.04918154887855], [-114.10487109795213, 51.049178363755345], [-114.10516329109669, 51.04915422387421], [-114.10546730272472, 51.04914961382747], [-114.10551767796278, 51.049150535836816], [-114.10580257885158, 51.04915455915034], [-114.10590366460383, 51.04915967211127], [-114.10608412697911, 51.04915908537805], [-114.10617004148662, 51.04915673844516], [-114.10621345974505, 51.04915673844516], [-114.10653071478009, 51.04915950447321], [-114.10657555796206, 51.04916252195835], [-114.10684092901647, 51.04916486889124], [-114.10718433558941, 51.049157325178385], [-114.10718433558941, 51.049157325178385], [-114.10747040994465, 51.04915774427354], [-114.10751583985984, 51.04915916919708], [-114.10760988481343, 51.0491584148258], [-114.1077081207186, 51.049157325178385], [-114.10789084620774, 51.04915724135935], [-114.10819971933961, 51.049158750101924], [-114.10845939069986, 51.04915028437972], [-114.10850306041539, 51.04915028437972], [-114.10879651084542, 51.049148021265864], [-114.10884571261704, 51.049151541665196], [-114.10898217000067, 51.04915648698807], [-114.10911678336561, 51.04916453361511], [-114.10939204506576, 51.04919085279107], [-114.10970376804471, 51.04920803569257], [-114.10997148603201, 51.04921231046319], [-114.11024582572281, 51.0492292419076], [-114.11032645963132, 51.0492429882288], [-114.11050423979759, 51.04925564490259], [-114.11063918843865, 51.04926494881511], [-114.11082920618355, 51.04928615503013], [-114.11095820367336, 51.04930032044649], [-114.11109767854214, 51.04930970817804], [-114.1112841758877, 51.049321945756674], [-114.11156195215881, 51.04934097267687], [-114.11188096739352, 51.04935555718839], [-114.11215388216078, 51.049368465319276], [-114.112479519099, 51.04937659576535], [-114.11252729594707, 51.04938045144081], [-114.11281261593103, 51.049385480582714], [-114.11285829730332, 51.04939025826752], [-114.112907666713, 51.049396293237805], [-114.11321704275906, 51.049419259652495], [-114.11325727589428, 51.049421690404415], [-114.11347193643451, 51.04943543672562], [-114.1135950665921, 51.049461252987385], [-114.11380327306688, 51.049502827227116], [-114.11384526640177, 51.04950215667486], [-114.1139819752425, 51.049512047320604], [-114.11411885172129, 51.04952344670892], [-114.11424290388823, 51.04952990077436], [-114.11437701433897, 51.04954054579139], [-114.11441951058805, 51.049541467800736], [-114.11455227993429, 51.049544317647815], [-114.114675745368, 51.04955085553229], [-114.11493013612926, 51.04956611059606], [-114.11505720578134, 51.04956317692995], [-114.11521336063743, 51.04956451803446], [-114.11539700813591, 51.04957038536668], [-114.11543916910887, 51.049572648480535], [-114.11552231758833, 51.04958220385015], [-114.11560353823006, 51.04959134012461], [-114.1156863514334, 51.049600560218096], [-114.11572650074959, 51.04960558936], [-114.1158124152571, 51.04961204342544], [-114.11585298366845, 51.04961346834898], [-114.11593621596694, 51.049620592966676], [-114.1160576697439, 51.04963291436434], [-114.11613956093788, 51.04964121244848], [-114.11630619317293, 51.049646493047476], [-114.1163840610534, 51.04964716359973], [-114.11646821536124, 51.04965244419873], [-114.11662780679762, 51.04965973645449], [-114.11670852452517, 51.04966124519706], [-114.11675018258393, 51.04966325685382], [-114.11683081649244, 51.0496745724231], [-114.11704078316689, 51.049707597121596], [-114.11708110012114, 51.04971472173929], [-114.11738594993949, 51.04978546500206], [-114.11750958301127, 51.049820920452476], [-114.11773438565433, 51.04989996179938], [-114.11777880974114, 51.04991731233895], [-114.11786690354347, 51.049954276531935], [-114.1179946437478, 51.050013955682516], [-114.11803102120757, 51.05003658682108], [-114.11814434453845, 51.05009685270488], [-114.11825196817517, 51.05016156099737], [-114.11835456266999, 51.05023146606982], [-114.11845531314611, 51.05030941776931], [-114.11848867312074, 51.05033523403108], [-114.11860199645162, 51.05044914409518], [-114.11870593205094, 51.050548888742924], [-114.11887189373374, 51.0507140122354], [-114.1190517693758, 51.050867484882474], [-114.11908093839884, 51.050891038030386], [-114.11919241771102, 51.051014168187976], [-114.11924815736711, 51.05106412433088], [-114.11938997916877, 51.05119211599231], [-114.11944731138647, 51.05124366469681], [-114.11947757005692, 51.05126797221601], [-114.11950548179448, 51.05129186064005], [-114.11956004798412, 51.05133838020265], [-114.11968468688428, 51.05142479762435], [-114.11990588530898, 51.051567206159234], [-114.12012691609561, 51.05171497911215], [-114.12023085169494, 51.05177071876824], [-114.12034166045487, 51.05181958526373], [-114.12060778588057, 51.05193039402366], [-114.12064734846354, 51.05194799602032], [-114.12078028544784, 51.052019242197275], [-114.12088757380843, 51.052074395120144], [-114.12106920965016, 51.052160477265716], [-114.12122117355466, 51.05222384445369], [-114.12143013440073, 51.052287044003606], [-114.12146885879338, 51.05229953303933], [-114.12169575691223, 51.052397014573216], [-114.12176775746047, 51.052437499165535], [-114.12199842743576, 51.05257303453982], [-114.12216095253825, 51.052676970139146], [-114.12239396944642, 51.052800100296736], [-114.12264509126544, 51.05290487408638], [-114.12275221198797, 51.05294887907803], [-114.12291775457561, 51.05302892625332], [-114.12317256443202, 51.05313453823328], [-114.12341731600463, 51.05324316769838], [-114.12345176562667, 51.05326211079955], [-114.12369634956121, 51.053398568183184], [-114.1239492315799, 51.053501162678], [-114.12419809028506, 51.05361683294177], [-114.12423270754516, 51.05363284237683], [-114.12447762675583, 51.05374733917415], [-114.12451551295817, 51.053762678056955], [-114.12474643439054, 51.05385663919151], [-114.1249678004533, 51.05394615791738], [-114.12508397363126, 51.053996784612536], [-114.12516578100622, 51.054029474034905], [-114.12520500831306, 51.054046573117375], [-114.12548119202256, 51.05415788479149], [-114.12574547342956, 51.05425503104925], [-114.12602802738547, 51.05435159057379], [-114.12611033767462, 51.05437799356878], [-114.12638191133738, 51.05447195470333], [-114.12646564655006, 51.05449693277478], [-114.12665465846658, 51.0545546002686], [-114.12673118524253, 51.05457111261785], [-114.12700627930462, 51.05465023778379], [-114.12727215327322, 51.0547290276736], [-114.12731221877038, 51.05473908595741], [-114.12758873775601, 51.054819133132696], [-114.12762494757771, 51.0548294428736], [-114.12791630253196, 51.05489993467927], [-114.12795720621943, 51.05490965768695], [-114.12824923172593, 51.054992554709315], [-114.12829055450857, 51.055004289373755], [-114.1285855975002, 51.05507201515138], [-114.12874175235629, 51.05512222275138], [-114.12881081923842, 51.05514728464186], [-114.12910561077297, 51.05523219332099], [-114.12932085804641, 51.055281311273575], [-114.12940660491586, 51.055295644328], [-114.12969972006977, 51.055369656533], [-114.12998411804438, 51.05546621605754], [-114.13006391376257, 51.05548742227256], [-114.13032635115087, 51.055564284324646], [-114.1305576916784, 51.05562857352197], [-114.1308256611228, 51.05568724684417], [-114.13113411515951, 51.055763438344], [-114.13118046708405, 51.055772909894586], [-114.13146696053445, 51.055845748633146], [-114.13169662468135, 51.05591523461044], [-114.13173752836883, 51.055927723646164], [-114.1318962816149, 51.05596938170493], [-114.13206232711673, 51.05601120740175], [-114.13210784085095, 51.05602227151394], [-114.13228226825595, 51.056073401123285], [-114.1323276143521, 51.05608731508255], [-114.1326373256743, 51.05615998618305], [-114.13287696428597, 51.0562158934772], [-114.1331656370312, 51.05628680437803], [-114.13321643136442, 51.05629585683346], [-114.1333056986332, 51.05631706304848], [-114.13344291038811, 51.05635151267052], [-114.13368883542717, 51.05641563422978], [-114.13395856507123, 51.05650708079338], [-114.13399452343583, 51.05652057565749], [-114.134267186746, 51.05661747045815], [-114.13430381566286, 51.056632390245795], [-114.13451436907053, 51.05673959478736], [-114.13468418642879, 51.05683112516999], [-114.13486691191792, 51.05693983845413], [-114.13509422913194, 51.057035475969315], [-114.13533269427717, 51.05713890865445], [-114.13536823354661, 51.0571570135653], [-114.13562254048884, 51.057278299704194], [-114.13565849885345, 51.057293051853776], [-114.13572337478399, 51.05732557363808], [-114.13594524376094, 51.057439064607024], [-114.1361975390464, 51.05755708180368], [-114.13643323816359, 51.05767107568681], [-114.13665913045406, 51.05778138153255], [-114.13688829168677, 51.05790635570884], [-114.13711938075721, 51.0580222774297], [-114.13718492724001, 51.05805446393788], [-114.13744208402932, 51.058153957128525], [-114.13759530521929, 51.058218916878104], [-114.137665880844, 51.05825294740498], [-114.13786562159657, 51.05835646390915], [-114.13810894824564, 51.05847716331482], [-114.13828999735415, 51.05856668204069], [-114.13835981860757, 51.05859794653952], [-114.13842603564262, 51.058634323999286], [-114.13848051801324, 51.058671372011304], [-114.1385412029922, 51.05871185660362], [-114.13861320354044, 51.05875577777624], [-114.13872325792909, 51.05881595984101], [-114.13896717131138, 51.058949399739504], [-114.1391022875905, 51.05901813134551], [-114.13915551267564, 51.059049563482404], [-114.13922164589167, 51.059079905971885], [-114.13943999446929, 51.05918241664767], [-114.13970025256276, 51.059308061376214], [-114.13981567136943, 51.059368159621954], [-114.13992044515908, 51.05942364782095], [-114.13995707407594, 51.05944275856018], [-114.14006972685456, 51.059497157111764], [-114.14014709182084, 51.059530433267355], [-114.14022462442517, 51.05956379324198], [-114.14033191278577, 51.05960603803396], [-114.14036803878844, 51.05961752124131], [-114.14040793664753, 51.059631519019604], [-114.14047792553902, 51.059667309746146], [-114.14066408760846, 51.0597525537014], [-114.1408330667764, 51.05983570218086], [-114.14090774953365, 51.05986881069839], [-114.14114638231695, 51.05999378487468], [-114.14118133485317, 51.06001046486199], [-114.14144444279373, 51.06012621894479], [-114.14148082025349, 51.06014080345631], [-114.14170453324914, 51.06023141182959], [-114.1417427547276, 51.060245744884014], [-114.1418809723109, 51.060305843129754], [-114.14201457984746, 51.06037105433643], [-114.14222882129252, 51.060464261099696], [-114.14226243272424, 51.06047918088734], [-114.1424425598234, 51.060563335195184], [-114.14270734414458, 51.06067355722189], [-114.14293264970183, 51.0607629083097], [-114.14315736852586, 51.060851756483316], [-114.14328686892986, 51.06089936569333], [-114.14336398243904, 51.060930211097], [-114.14363966323435, 51.06104680337012], [-114.14367746561766, 51.06106557883322], [-114.1437581833452, 51.06110271066427], [-114.14395247586071, 51.06117395684123], [-114.14419219829142, 51.061264062300324], [-114.14442538283765, 51.06137118302286], [-114.14468865841627, 51.061477633193135], [-114.14472981356084, 51.06149246916175], [-114.14498277939856, 51.06160746887326], [-114.14501957595348, 51.06162213720381], [-114.14513164199889, 51.06166547164321], [-114.14527312852442, 51.06173034757376], [-114.14552735164762, 51.06184191070497], [-114.14556146599352, 51.061856830492616], [-114.14576422423124, 51.06194945052266], [-114.14594049565494, 51.06203653849661], [-114.1459752805531, 51.0620597563684], [-114.14612271822989, 51.062144665047526], [-114.14619882591069, 51.06218037195504], [-114.14646268822253, 51.062310794368386], [-114.14670190773904, 51.062428476288915], [-114.14677692577243, 51.062468625605106], [-114.14703894406557, 51.062571723014116], [-114.14727732539177, 51.062641544267535], [-114.14748268201947, 51.06269367970526], [-114.1477026231587, 51.06278487481177], [-114.14780873805285, 51.06282410211861], [-114.14784226566553, 51.062831562012434], [-114.1479233186692, 51.06285352259874], [-114.14813647046685, 51.06293248012662], [-114.14838943630457, 51.06302300468087], [-114.14859940297902, 51.063102800399065], [-114.14886619895697, 51.06318620033562], [-114.14889863692224, 51.06320179067552], [-114.14909686893225, 51.06330329552293], [-114.1493528522551, 51.06343581341207], [-114.14959575980902, 51.06355366297066], [-114.14964043535292, 51.063571851700544], [-114.14973112754524, 51.06360496021807], [-114.14984931237996, 51.063660783693194], [-114.14992642588913, 51.06369682587683], [-114.15017142891884, 51.06379925273359], [-114.15020671673119, 51.063813334330916], [-114.15042699314654, 51.06390452943742], [-114.15063813328743, 51.06404936872423], [-114.15080359205604, 51.064194878563285], [-114.15093686431646, 51.06437735259533], [-114.15095421485603, 51.0644031688571], [-114.15105789899826, 51.06457441113889], [-114.15109628811479, 51.064660577103496], [-114.15115730836987, 51.06485872529447], [-114.1511925123632, 51.065045641735196], [-114.15119997225702, 51.06507414020598], [-114.1512060072273, 51.06518687680364], [-114.15120768360794, 51.06521604582667], [-114.151258058846, 51.06538837775588], [-114.15133341215551, 51.065566996112466], [-114.1514499206096, 51.06573102995753], [-114.15147406049073, 51.06575625948608], [-114.15162350982428, 51.0658916272223], [-114.15179173462093, 51.06600880622864], [-114.15193724445999, 51.0661144182086], [-114.1520593687892, 51.06622246094048], [-114.15217906236649, 51.06628482230008], [-114.15220546536148, 51.0663025919348], [-114.15228702127934, 51.066368306055665], [-114.15241392329335, 51.06647978536785], [-114.15259690023959, 51.06663149781525], [-114.15261953137815, 51.066654128953815], [-114.15277342312038, 51.06678061187267], [-114.15295656770468, 51.06692955829203], [-114.15298171341419, 51.06694942340255], [-114.15301406756043, 51.06696744449437], [-114.1532024089247, 51.067095855250955], [-114.15322948247194, 51.06711613945663], [-114.1534045804292, 51.06723038479686], [-114.1535806003958, 51.06734597124159], [-114.1537481546402, 51.067493073642254], [-114.15392937138677, 51.06765258125961], [-114.15395527146757, 51.06767646968365], [-114.15412215515971, 51.067802868783474], [-114.15416465140879, 51.067927004769444], [-114.15398980490863, 51.068050637841225], [-114.15375863201916, 51.0681866761297], [-114.15368160232902, 51.068227495998144], [-114.1534407902509, 51.068355487659574], [-114.15324289351702, 51.0684990696609], [-114.15323828347027, 51.068609710782766], [-114.15335395373404, 51.068720603361726], [-114.15356827899814, 51.0688360221684], [-114.15375351905823, 51.06894297525287], [-114.15393934585154, 51.06908873654902], [-114.15397471748292, 51.069109523668885], [-114.15417152456939, 51.06922469101846], [-114.15436497889459, 51.06938738375902], [-114.15458139963448, 51.06952032074332], [-114.15463672019541, 51.06956474483013], [-114.15477929636836, 51.06968980282545], [-114.15492505766451, 51.06980027630925], [-114.15512655861676, 51.069960203021765], [-114.15533979423344, 51.07008459046483], [-114.15550466626883, 51.07021358795464], [-114.15559887886047, 51.070283744484186], [-114.15570138953626, 51.070375526323915], [-114.1559152957052, 51.070522628724575], [-114.15611755102873, 51.070666797459126], [-114.15631880052388, 51.07081457041204], [-114.15651493705809, 51.07096133753657], [-114.15654502809048, 51.070983884856105], [-114.1566373128444, 51.0710671171546], [-114.15670000948012, 51.07110667973757], [-114.15691215544939, 51.07125151902437], [-114.1570771113038, 51.07137833721936], [-114.15724692866206, 51.07150171883404], [-114.1574262175709, 51.07163557782769], [-114.15755278430879, 51.071749571710825], [-114.15775252506137, 51.07191067188978], [-114.1577734798193, 51.071931375190616], [-114.15794455446303, 51.072022654116154], [-114.15804186835885, 51.0720806568861], [-114.15825753472745, 51.072233794257045], [-114.15839776396751, 51.07236631214619], [-114.158557606861, 51.072501596063375], [-114.15873371064663, 51.072647608816624], [-114.15876313112676, 51.07266931794584], [-114.15897368453443, 51.07282882556319], [-114.15900746360421, 51.07285371981561], [-114.15919848717749, 51.07301817275584], [-114.15923427790403, 51.073038037866354], [-114.15929798036814, 51.073076175525784], [-114.15935254655778, 51.073115738108754], [-114.15941080078483, 51.073151445016265], [-114.1595124732703, 51.073203664273024], [-114.15961934253573, 51.073256051167846], [-114.15981648489833, 51.07341203838587], [-114.15998194366693, 51.07354103587568], [-114.16017330251634, 51.07369207777083], [-114.16031428612769, 51.0738111846149], [-114.16050849482417, 51.0739697702229], [-114.1606866940856, 51.074098432436585], [-114.16082633659244, 51.07421385124326], [-114.1610043682158, 51.07435131445527], [-114.16121223941445, 51.07450143434107], [-114.16140644811094, 51.07462842017412], [-114.16161096654832, 51.074784910306334], [-114.16166477836668, 51.07482883147895], [-114.16186359710991, 51.0749489441514], [-114.16206761263311, 51.0750699788332], [-114.16224832646549, 51.075202748179436], [-114.1624396853149, 51.07532260939479], [-114.16258896701038, 51.07546543702483], [-114.16279180906713, 51.07560524716973], [-114.1629767138511, 51.075548669323325], [-114.16313672438264, 51.07538488693535], [-114.16336462832987, 51.07525194995105], [-114.1635996568948, 51.07510652393103], [-114.16370468214154, 51.075062016025186], [-114.16379160247743, 51.0750818811357], [-114.16402369737625, 51.075212471187115], [-114.16422880254686, 51.07535429298878], [-114.1642574686557, 51.075379103422165], [-114.16444363072515, 51.07553676702082], [-114.1645116917789, 51.07558747753501], [-114.16471629403532, 51.07572678476572], [-114.16474655270576, 51.07575033791363], [-114.16491980664432, 51.075882436707616], [-114.16509490460157, 51.0760058183223], [-114.16515843942761, 51.07604471035302], [-114.16526522487402, 51.07614487409592], [-114.16539690457284, 51.076202960684896], [-114.16543805971742, 51.076201451942325], [-114.16561181657016, 51.07612048275769], [-114.16574710048735, 51.07604588381946], [-114.16581784375012, 51.07601210474968], [-114.16604055091739, 51.075899032875896], [-114.16610316373408, 51.07585662044585], [-114.16635814122856, 51.07574966736138], [-114.16652879677713, 51.075753439217806], [-114.16669056750834, 51.07585251331329], [-114.16672090999782, 51.075875563547015], [-114.1669288650155, 51.07601311057806], [-114.16695677675307, 51.07603565789759], [-114.16711628437042, 51.076168762519956], [-114.16728802956641, 51.076291389763355], [-114.16745348833501, 51.076407227665186], [-114.16756027378142, 51.07648467645049], [-114.16768424212933, 51.07656656764448], [-114.16788658127189, 51.076723393052816], [-114.16795087046921, 51.076766308397055], [-114.1681366134435, 51.076894802972674], [-114.16833442635834, 51.077048946172], [-114.16854171082377, 51.07720484957099], [-114.16872787289321, 51.07734625227749], [-114.16874757036567, 51.07737248763442], [-114.16890665888786, 51.07746762223542], [-114.16894580237567, 51.077480195090175], [-114.16907672770321, 51.07758119702339], [-114.16928510181606, 51.077735340222716], [-114.16939364746213, 51.07784925028682], [-114.16946304962039, 51.07792401686311], [-114.16957159526646, 51.077987467870116], [-114.16980050504208, 51.07799015007913], [-114.16998842731118, 51.077873557806015], [-114.17008490301669, 51.077809520065784], [-114.17015195824206, 51.07776484452188], [-114.1703259665519, 51.077644899487495], [-114.17057021521032, 51.077510956674814], [-114.1706124600023, 51.07749947346747], [-114.17073735035956, 51.077498802915215], [-114.17077590711415, 51.0775133036077], [-114.17098226957023, 51.07760148122907], [-114.17119014076889, 51.07774280011654], [-114.17141066864133, 51.07789610512555], [-114.17154746130109, 51.07798964716494], [-114.171571014449, 51.078007500618696], [-114.17172566056252, 51.07816935516894], [-114.1718302667141, 51.07835166156292], [-114.17192640714347, 51.07850982807577], [-114.17206194251776, 51.07869900763035], [-114.17218809016049, 51.078860526904464], [-114.17231935076416, 51.07900142669678], [-114.17247265577316, 51.07917794957757], [-114.17249880731106, 51.07919798232615], [-114.17265823110938, 51.07938137836754], [-114.1727933473885, 51.07956787571311], [-114.17293315753341, 51.07972671277821], [-114.17295377701521, 51.079756719991565], [-114.17307103984058, 51.07989535667002], [-114.17309543117881, 51.079921340569854], [-114.1732116881758, 51.08008830808103], [-114.17322853580117, 51.080116387456656], [-114.17332752607763, 51.08029249124229], [-114.1733512468636, 51.08035342767835], [-114.1733597125858, 51.0803834348917], [-114.1733753029257, 51.0805232450366], [-114.17337563820183, 51.080714436247945], [-114.17342123575509, 51.08090093359351], [-114.17343255132437, 51.08095801435411], [-114.1734307911247, 51.08112565241754], [-114.17342442087829, 51.08135053887963], [-114.17342240922153, 51.08150292187929], [-114.17339349165559, 51.08167349360883], [-114.17338184081018, 51.081845574080944], [-114.17335233651102, 51.08204757794738], [-114.17333129793406, 51.08215847052634], [-114.17332752607763, 51.082218484953046], [-114.17332937009633, 51.082347901538014], [-114.17332844808698, 51.08237589709461], [-114.17334697209299, 51.08254957012832], [-114.17334194295108, 51.082691978663206], [-114.17329953052104, 51.08287252485752], [-114.1732928249985, 51.08289951458573], [-114.1732740495354, 51.083054998889565], [-114.17327161878347, 51.083109648898244], [-114.17330028489232, 51.08327913098037], [-114.17345912195742, 51.083424808457494], [-114.17370446026325, 51.08346110209823], [-114.1740040294826, 51.0834885109216], [-114.17426579631865, 51.08351935632527], [-114.17454558424652, 51.08354927971959], [-114.17486627586186, 51.08358766883612], [-114.17516760528088, 51.08365514315665], [-114.17521093972027, 51.08366897329688], [-114.17546851560473, 51.0837509483099], [-114.17569742538035, 51.083835270255804], [-114.17590286582708, 51.08393442817032], [-114.17611786164343, 51.08403149060905], [-114.1763696540147, 51.084133833646774], [-114.17656922712922, 51.08424221165478], [-114.17683116160333, 51.0843569599092], [-114.17710055597126, 51.08444765210152], [-114.17733290232718, 51.08454940840602], [-114.17756902053952, 51.084662983193994], [-114.17781704105437, 51.08477027155459], [-114.1779793985188, 51.08484470285475], [-114.17823320254683, 51.08495492488146], [-114.17844140902162, 51.085051484405994], [-114.1785679757595, 51.085119461640716], [-114.17863662354648, 51.08515382744372], [-114.17887634597719, 51.08526430092752], [-114.17895153164864, 51.08528885990381], [-114.17915739119053, 51.08536253683269], [-114.179412368685, 51.085483990609646], [-114.17966994456947, 51.085566971451044], [-114.17971101589501, 51.08558440580964], [-114.17997244745493, 51.08569337055087], [-114.18021175079048, 51.08580342493951], [-114.18029431253672, 51.08582102693617], [-114.18050017207861, 51.08590015210211], [-114.18076101690531, 51.08602277934551], [-114.18098146095872, 51.08614339493215], [-114.18123233132064, 51.08624557033181], [-114.18149845674634, 51.08635797165334], [-114.18153843842447, 51.08637020923197], [-114.181769778952, 51.08647900633514], [-114.18180875480175, 51.086491998285055], [-114.1820493992418, 51.08659911900759], [-114.18218024075031, 51.086658546701074], [-114.18227755464613, 51.086713783442974], [-114.18253378942609, 51.08682484366], [-114.18274677358568, 51.08692165464163], [-114.18297082185745, 51.08702240511775], [-114.18315178714693, 51.087124748155475], [-114.18318715877831, 51.08713614754379], [-114.18337935581803, 51.08721963129938], [-114.18349930085242, 51.08727796934545], [-114.18375863693655, 51.087377211079], [-114.18380280956626, 51.0873909574002], [-114.18384522199631, 51.08740755356848], [-114.18407371267676, 51.0875069629401], [-114.1841890476644, 51.08756043948233], [-114.18430379591882, 51.08761425130069], [-114.18433925136924, 51.087633445858955], [-114.18448727577925, 51.0876948852092], [-114.18455952778459, 51.0877226293087], [-114.18480704538524, 51.0878331027925], [-114.1849113162607, 51.087866043671966], [-114.18496621772647, 51.087901750579476], [-114.18514978140593, 51.08801239170134], [-114.1853960417211, 51.0881370306015], [-114.18564540334046, 51.088250018656254], [-114.18568421155214, 51.08826611191034], [-114.18593415990472, 51.08838798478246], [-114.18597389012575, 51.08840382657945], [-114.1860147099942, 51.08841849491], [-114.18626667000353, 51.08850977383554], [-114.1863390058279, 51.08854304999113], [-114.18660127557814, 51.08865209855139], [-114.1866381559521, 51.088669868186116], [-114.18685575015843, 51.08880087733269], [-114.18707242235541, 51.08888176269829], [-114.18735019862652, 51.08892576768994], [-114.18739277869463, 51.08892811462283], [-114.18769972398877, 51.08894119039178], [-114.18778236955404, 51.0889452137053], [-114.18807028792799, 51.08895929530263], [-114.18811186216772, 51.08896046876907], [-114.1884025465697, 51.08895258978009], [-114.18858393095434, 51.088948817923665], [-114.18884226121008, 51.08892518095672], [-114.18904233723879, 51.08893825672567], [-114.18936730362475, 51.08894085511565], [-114.1895112209022, 51.08894714154303], [-114.18969721533358, 51.088955607265234], [-114.18997725471854, 51.088963905349374], [-114.19027087278664, 51.08903221786022], [-114.19030322693288, 51.08905124478042], [-114.19048771262169, 51.089194072410464], [-114.19062827713788, 51.08936942182481], [-114.19058360159397, 51.08949037268758], [-114.19039433822036, 51.08959321863949], [-114.19016752392054, 51.08970385976136], [-114.1901296377182, 51.089722299948335], [-114.19005051255226, 51.08975968323648], [-114.18986493721604, 51.089839646592736], [-114.18982445262372, 51.08985741622746], [-114.18970693834126, 51.08996830880642], [-114.18973568826914, 51.0900866612792], [-114.18982587754726, 51.09020786359906], [-114.18995772488415, 51.09034809283912], [-114.19003777205944, 51.0904426407069], [-114.19012544676661, 51.09053760766983], [-114.19024773873389, 51.09068705700338], [-114.19033390469849, 51.0908327344805], [-114.19037422165275, 51.09088738448918], [-114.19048486277461, 51.09105108305812], [-114.19065736234188, 51.09119927510619], [-114.1907100006938, 51.091255182400346], [-114.19074771925807, 51.09131192788482], [-114.19086087495089, 51.091485768556595], [-114.19097076170146, 51.09160294756293], [-114.1909962426871, 51.09162440523505], [-114.19101728126407, 51.09164485707879], [-114.19112792238593, 51.09178164973855], [-114.19125792570412, 51.09192288480699], [-114.19134115800261, 51.09204199165106], [-114.19138734228909, 51.09208591282368], [-114.19150452129543, 51.092206528410316], [-114.19163544662297, 51.09234030358493], [-114.19181272387505, 51.09249159693718], [-114.19188489206135, 51.092593437060714], [-114.19194834306836, 51.09265387058258], [-114.19198312796652, 51.092691756784916], [-114.19200391508639, 51.092712292447686], [-114.19208102859557, 51.09279762022197], [-114.19212017208338, 51.09283869154751], [-114.19224950484931, 51.09289878979325], [-114.19235369190574, 51.09297246672213], [-114.19248034246266, 51.09308956190944], [-114.1926701925695, 51.0932451300323], [-114.19283447787166, 51.093356190249324], [-114.19286389835179, 51.09337932430208], [-114.19304410926998, 51.093504298478365], [-114.19307470321655, 51.093526342883706], [-114.19323320500553, 51.093617202714086], [-114.1933885216713, 51.093732034787536], [-114.19355171732605, 51.09384845942259], [-114.19375321827829, 51.09399313107133], [-114.19375321827829, 51.09399313107133], [-114.19391490519047, 51.09412690624595], [-114.19394549913704, 51.0941484477371], [-114.1941430605948, 51.09430653043091], [-114.1943243611604, 51.09440267086029], [-114.19447096064687, 51.09450099058449], [-114.19469475746155, 51.0946387052536], [-114.19489692896605, 51.094733253121376], [-114.19512256979942, 51.094863675534725], [-114.19535759836435, 51.094974065199494], [-114.19539238326252, 51.094987224787474], [-114.19563093222678, 51.09510054811835], [-114.19582044705749, 51.09521781094372], [-114.19604927301407, 51.09535208903253], [-114.19627809897065, 51.0954849421978], [-114.19634188525379, 51.095521822571754], [-114.19656216166914, 51.0956369061023], [-114.19674128293991, 51.09574939124286], [-114.19690682552755, 51.095837987959385], [-114.19701872393489, 51.09584553167224], [-114.19691218994558, 51.09579280950129], [-114.19670750387013, 51.09569105319679], [-114.19663944281638, 51.09565643593669], [-114.19643324799836, 51.09553934074938], [-114.19618581421673, 51.095441691577435], [-114.19614532962441, 51.09542551450431], [-114.19590988196433, 51.09531780704856], [-114.19571458362043, 51.09518637880683], [-114.19548173435032, 51.095060063526034], [-114.19527813792229, 51.09493534080684], [-114.19505559839308, 51.0948112886399], [-114.19485719874501, 51.09472654759884], [-114.19463977217674, 51.09459612518549], [-114.19438689015806, 51.09447215683758], [-114.19417893514037, 51.09436143189669], [-114.19401641003788, 51.09425556845963], [-114.19385036453605, 51.094130259007215], [-114.19363176450133, 51.09400939196348], [-114.19359404593706, 51.09398885630071], [-114.19339447282255, 51.09385600313544], [-114.193229181692, 51.09373773448169], [-114.19302675873041, 51.093606390058994], [-114.19282961636782, 51.09346901066601], [-114.19264026917517, 51.09331637620926], [-114.19247942045331, 51.093168603256345], [-114.19244664721191, 51.093145217746496], [-114.19227506965399, 51.09301596879959], [-114.19224690645933, 51.09298998489976], [-114.1921448148787, 51.092897951602936], [-114.19205621816218, 51.09279116615653], [-114.19194775633514, 51.09265537932515], [-114.19178389012814, 51.09249645844102], [-114.19160133227706, 51.09234583564103], [-114.19158079661429, 51.09232245013118], [-114.19142321683466, 51.09217534773052], [-114.19128743000329, 51.09201240353286], [-114.19118022546172, 51.09190142713487], [-114.19112666510046, 51.09183428809047], [-114.19103228487074, 51.09173554927111], [-114.19088157825172, 51.09157444909215], [-114.19085903093219, 51.09155039303005], [-114.19083933345973, 51.0915270075202], [-114.19072634540498, 51.09141611494124], [-114.19068720191717, 51.09136926010251], [-114.19054286554456, 51.09119726344943], [-114.19042610563338, 51.09107161872089], [-114.19032619334757, 51.090916469693184], [-114.19029610231519, 51.09086534008384], [-114.19019216671586, 51.09072142280638], [-114.19007004238665, 51.0905496776104], [-114.19005470350385, 51.09052486717701], [-114.18991975486279, 51.09034817665815], [-114.18981665745378, 51.090160673484206], [-114.18976100161672, 51.089977445080876], [-114.18981682509184, 51.0898675583303], [-114.18984230607748, 51.08984861522913], [-114.19005604460835, 51.089737890288234], [-114.19028143398464, 51.089650047942996], [-114.19039668515325, 51.08959883451462], [-114.19055493548512, 51.08952842652798], [-114.19063456356525, 51.08944050036371], [-114.19063313864172, 51.08941636048257], [-114.19051956385374, 51.08931904658675], [-114.19037363491952, 51.089224414899945], [-114.19034597463906, 51.089200945571065], [-114.1901552863419, 51.089097429066896], [-114.18986468575895, 51.08904780820012], [-114.18959093280137, 51.08901838771999], [-114.18928516097367, 51.08898955397308], [-114.18924224562943, 51.088987458497286], [-114.18893655762076, 51.08897538855672], [-114.18889230117202, 51.08897597528994], [-114.1888570971787, 51.08896457590163], [-114.18868820182979, 51.08894043602049], [-114.18846448883414, 51.08894026838243], [-114.18842165730894, 51.088946303352714], [-114.18820347636938, 51.0889695212245], [-114.18793860822916, 51.088978070765734], [-114.18763199821115, 51.08895158395171], [-114.18758790940046, 51.08894378878176], [-114.18729890137911, 51.08891185373068], [-114.18726101517677, 51.08890816569328], [-114.18704400770366, 51.088859383016825], [-114.18687368743122, 51.08881076797843], [-114.18660948984325, 51.08872711658478], [-114.18639742769301, 51.088632736355066], [-114.18616893701255, 51.08851279132068], [-114.1859679389745, 51.08842587098479], [-114.18573240749538, 51.08831397257745], [-114.18573240749538, 51.08831397257745], [-114.1856365185231, 51.08826393261552], [-114.18546728789806, 51.08818044885993], [-114.18539738282561, 51.088150357827544], [-114.18522915802896, 51.08806477859616], [-114.18504676781595, 51.08799152076244], [-114.18486027047038, 51.08791222795844], [-114.18482699431479, 51.087897811084986], [-114.18455734848976, 51.08778029680252], [-114.18431754224002, 51.08766781166196], [-114.18406683951616, 51.08758340589702], [-114.18385997414589, 51.08748525381088], [-114.18368009850383, 51.08740193769336], [-114.1834292281419, 51.087287524715066], [-114.18339293450117, 51.08727159909904], [-114.18335605412722, 51.08725533820689], [-114.18319352902472, 51.08717973344028], [-114.18297207914293, 51.08708778396249], [-114.18276856653392, 51.08699491247535], [-114.18255172669888, 51.086898520588875], [-114.18231116607785, 51.08679408207536], [-114.18228023685515, 51.086778827011585], [-114.18205317109823, 51.086699198931456], [-114.18179467320442, 51.08657187782228], [-114.18158604763448, 51.08647841960192], [-114.18142737820745, 51.0864049103111], [-114.18122830800712, 51.086312709376216], [-114.18105086311698, 51.086238948628306], [-114.18084810487926, 51.086155297234654], [-114.18055733665824, 51.08608078211546], [-114.18028861284256, 51.08597374521196], [-114.18003153987229, 51.08584969304502], [-114.17981377802789, 51.085736034438014], [-114.17977874167264, 51.0857211984694], [-114.17954698204994, 51.085629081353545], [-114.17930474504828, 51.08550268225372], [-114.17915219441056, 51.08542498201132], [-114.17894893325865, 51.08534342609346], [-114.17870535515249, 51.08523739501834], [-114.17845725081861, 51.08512616716325], [-114.17829061858356, 51.085053412243724], [-114.17819238267839, 51.08500571921468], [-114.17798585258424, 51.08491091988981], [-114.17781134136021, 51.08484294265509], [-114.17765283957124, 51.08476281166077], [-114.17745309881866, 51.08468469232321], [-114.17718303389847, 51.08456818386912], [-114.17696761898696, 51.084474893286824], [-114.17672202922404, 51.084348829463124], [-114.17646361514926, 51.08425319194794], [-114.17642589658499, 51.08423877507448], [-114.17618433013558, 51.08412344008684], [-114.17593731544912, 51.08400944620371], [-114.17572500184178, 51.08391389250755], [-114.17549760080874, 51.08383359387517], [-114.17525016702712, 51.0837665386498], [-114.17502419091761, 51.083724377676845], [-114.17480274103582, 51.08363770879805], [-114.1745410580188, 51.0835902672261], [-114.17422438971698, 51.08354575932026], [-114.1741869226098, 51.0835400596261], [-114.173912582919, 51.08348381705582], [-114.17366313748062, 51.083438051864505], [-114.1733565274626, 51.08338013291359], [-114.17331269010901, 51.083372589200735], [-114.17321319691837, 51.083292877301574], [-114.17317505925894, 51.08314611017704], [-114.17318260297179, 51.0830014385283], [-114.17321378365159, 51.0828357283026], [-114.17323633097112, 51.08265291899443], [-114.17323993518949, 51.082502799108624], [-114.17324638925493, 51.082293670624495], [-114.17324068956077, 51.08226357959211], [-114.17324965819716, 51.08210390433669], [-114.17325351387262, 51.08196023851633], [-114.17325024493039, 51.08189812861383], [-114.17327874340117, 51.081714732572436], [-114.17328310199082, 51.081687323749065], [-114.17325695045292, 51.08149562962353], [-114.173275642097, 51.0813055280596], [-114.17328025214374, 51.08112188056111], [-114.17328150942922, 51.081095058470964], [-114.1732891369611, 51.080908477306366], [-114.17328930459917, 51.08085550367832], [-114.17329559102654, 51.08066481538117], [-114.17330036871135, 51.08063782565296], [-114.17330699041486, 51.08047571964562], [-114.17330590076745, 51.080294670537114], [-114.1732872929424, 51.08024513348937], [-114.17323750443757, 51.0801519267261], [-114.17311169207096, 51.08002485707402], [-114.1730028949678, 51.079861242324114], [-114.17288915254176, 51.07973350211978], [-114.1727624181658, 51.07959972694516], [-114.17261766269803, 51.079419599846005], [-114.17253023944795, 51.079284232109785], [-114.17247114703059, 51.07920829206705], [-114.17241817340255, 51.07912866398692], [-114.17230602353811, 51.07898357324302], [-114.17217350564897, 51.078806882724166], [-114.17207786813378, 51.07869473285973], [-114.17195691727102, 51.0785305313766], [-114.17184862308204, 51.078406143933535], [-114.17173345573246, 51.07828175649047], [-114.17161745019257, 51.078153094276786], [-114.17146221734583, 51.077997190877795], [-114.171312013641, 51.077881352975965], [-114.17128158733249, 51.07786492444575], [-114.17105862870812, 51.077743135392666], [-114.17080608196557, 51.07764950953424], [-114.17057155631483, 51.07760810293257], [-114.17039243504405, 51.07765571214259], [-114.17023016139865, 51.0777500923723], [-114.17003687471151, 51.07786601409316], [-114.16985875926912, 51.077967351302505], [-114.16960705071688, 51.0779900662601], [-114.16942524723709, 51.07792275957763], [-114.16936908848584, 51.077884286642075], [-114.16926171630621, 51.07779627665877], [-114.1691036336124, 51.07766417786479], [-114.16898402385414, 51.077575916424394], [-114.16895770467818, 51.077553033828735], [-114.16892484761775, 51.07749125920236], [-114.16889391839504, 51.0774667840451], [-114.1688290424645, 51.077441554516554], [-114.16873105801642, 51.07736083678901], [-114.16863894090056, 51.077300906181335], [-114.16851396672428, 51.077230498194695], [-114.16836703196168, 51.07713544741273], [-114.16828287765384, 51.07707836665213], [-114.16814432479441, 51.07697183266282], [-114.16807534173131, 51.07690008357167], [-114.16797107085586, 51.076781982555985], [-114.16784173808992, 51.07666647993028], [-114.16766001842916, 51.07654334977269], [-114.16749481111765, 51.076435474678874], [-114.16747092269361, 51.07641720212996], [-114.16737017221749, 51.07634671032429], [-114.16721628047526, 51.076245456933975], [-114.16704411618412, 51.07610296458006], [-114.16684471070766, 51.07597245834768], [-114.16681746952236, 51.07595695182681], [-114.1666254401207, 51.0758261103183], [-114.16641924530268, 51.07574765570462], [-114.16626359336078, 51.07576291076839], [-114.1660350188613, 51.07586491852999], [-114.16580225341022, 51.075975224375725], [-114.16562153957784, 51.076074885204434], [-114.16538374498487, 51.07616473920643], [-114.16534133255482, 51.0761593747884], [-114.16522021405399, 51.07610925100744], [-114.1651502251625, 51.07606893405318], [-114.16492089629173, 51.07593725435436], [-114.16479575447738, 51.075854105874896], [-114.16471763513982, 51.07580674812198], [-114.16447573341429, 51.07567557133734], [-114.16430021636188, 51.07553039677441], [-114.16412193328142, 51.07540098018944], [-114.1639730706811, 51.07529302127659], [-114.16380668990314, 51.07520400546491], [-114.16358943097293, 51.07517165131867], [-114.16341785341501, 51.07522454112768], [-114.16332607157528, 51.07526167295873], [-114.16321878321469, 51.07533551752567], [-114.16311375796795, 51.07541212812066], [-114.16295567527413, 51.07549745589495], [-114.1628382448107, 51.07556317001581], [-114.16280647739768, 51.075579430907965], [-114.16264076717198, 51.07559284195304], [-114.16240422986448, 51.07546635903418], [-114.16220583021641, 51.075337529182434], [-114.16198907420039, 51.0751889180392], [-114.16196057572961, 51.07516519725323], [-114.16180961765349, 51.07504257000983], [-114.16162194684148, 51.074874345213175], [-114.16159613057971, 51.074850456789136], [-114.16143503040075, 51.07471760362387], [-114.16141399182379, 51.074692625552416], [-114.16129253804684, 51.074601765722036], [-114.16110754944384, 51.07445625588298], [-114.16093613952398, 51.07432625256479], [-114.16073455475271, 51.07416842132807], [-114.1605535056442, 51.074044620618224], [-114.16034923866391, 51.07389776967466], [-114.16032157838345, 51.07387715019286], [-114.16019668802619, 51.07377321459353], [-114.16007230058312, 51.07367103919387], [-114.15999778546393, 51.07359962537885], [-114.1598610766232, 51.07350071892142], [-114.15975739248097, 51.0734139662236], [-114.1596784349531, 51.07335445471108], [-114.15948196314275, 51.07323685660958], [-114.15929764509201, 51.073102075606585], [-114.15912707336247, 51.0729665402323], [-114.15906454436481, 51.072920858860016], [-114.15889581665397, 51.07278767041862], [-114.1586905438453, 51.07263478450477], [-114.15847890079021, 51.07250855304301], [-114.1583068203181, 51.072387183085084], [-114.15810079313815, 51.07223597355187], [-114.15791848674417, 51.072120470926166], [-114.15783366188407, 51.07205710373819], [-114.15771807543933, 51.071966495364904], [-114.15769267827272, 51.07194419950247], [-114.15751481428742, 51.071810591965914], [-114.15734734386206, 51.071662819013], [-114.1571497824043, 51.07150046154857], [-114.15712270885706, 51.07147732749581], [-114.1569425817579, 51.07133047655225], [-114.15688650682569, 51.0712949372828], [-114.15672222152352, 51.071185218170285], [-114.1565210558474, 51.071033673360944], [-114.15635442361236, 51.0708977188915], [-114.15614596568048, 51.07073687016964], [-114.15595418773592, 51.07059462927282], [-114.1559184808284, 51.070575937628746], [-114.15585762821138, 51.070531429722905], [-114.15580440312624, 51.07048273086548], [-114.1557511780411, 51.0704333614558], [-114.15572594851255, 51.07041081413627], [-114.15556744672358, 51.07030143029988], [-114.15544917806983, 51.070218700915575], [-114.15535982698202, 51.070142006501555], [-114.15532546117902, 51.07010990381241], [-114.15530090220273, 51.070096073672175], [-114.15518179535866, 51.07000353746116], [-114.15509085170925, 51.069937739521265], [-114.15504734963179, 51.06988769955933], [-114.15502413176, 51.06985995545983], [-114.15499948896468, 51.0698426887393], [-114.15495531633496, 51.069809664040804], [-114.15492773987353, 51.069787284359336], [-114.15487166494131, 51.06975585222244], [-114.15476680733263, 51.06968242675066], [-114.1547302622348, 51.06965996325016], [-114.15471685118973, 51.06964931823313], [-114.15463680401444, 51.06958041898906], [-114.15459011681378, 51.069516967982054], [-114.15456857532263, 51.06950548477471], [-114.15449992753565, 51.069453936070204], [-114.15438484400511, 51.0693799238652], [-114.15424151346087, 51.06927087530494], [-114.15422357618809, 51.06925553642213], [-114.15412249043584, 51.06918797828257], [-114.15406448766589, 51.0691502597183], [-114.15402643382549, 51.069113882258534], [-114.1539463866502, 51.06904682703316], [-114.15380096063018, 51.06894792057574], [-114.1536720469594, 51.068835854530334], [-114.15362661704421, 51.06879260390997], [-114.1534526925534, 51.068659499287605], [-114.15331707336009, 51.06856528669596], [-114.15327600203454, 51.068471325561404], [-114.15329117327929, 51.06844760477543], [-114.15345780551434, 51.06832941994071], [-114.15366366505623, 51.068179719150066], [-114.15378981269896, 51.068104952573776], [-114.15387983433902, 51.06804409995675], [-114.1539984382689, 51.067973021417856], [-114.15404973551631, 51.06793278828263], [-114.15409969165921, 51.06781083159149], [-114.15399827063084, 51.06770295649767], [-114.15384370833635, 51.06759047135711], [-114.15366970002651, 51.06748452410102], [-114.15350759401917, 51.0673835221678], [-114.15333140641451, 51.06726852245629], [-114.15316309779882, 51.06710725463927], [-114.1529674641788, 51.066952692344785], [-114.15290518663824, 51.066908771172166], [-114.15275858715177, 51.06679804623127], [-114.1525855846703, 51.06664599850774], [-114.1525044478476, 51.066587744280696], [-114.15239372290671, 51.06651180423796], [-114.15230143815279, 51.06644474901259], [-114.15227880701423, 51.066420525312424], [-114.15223362855613, 51.06637937016785], [-114.1521801520139, 51.06634860858321], [-114.15202936157584, 51.06624769046903], [-114.15196138434112, 51.06620251201093], [-114.15184387005866, 51.066118190065026], [-114.1517308820039, 51.06601626612246], [-114.15156600996852, 51.06593010015786], [-114.15146567858756, 51.06587402522564], [-114.15142678655684, 51.065844437107444], [-114.15130650624633, 51.0657156072557], [-114.15125085040927, 51.06560957618058], [-114.15119133889675, 51.06550035998225], [-114.15114649571478, 51.065334314480424], [-114.15113459341228, 51.06517614796758], [-114.15113023482263, 51.065101716667414], [-114.15110626257956, 51.064992835745215], [-114.15107256732881, 51.06480265036225], [-114.15106058120728, 51.0647448990494], [-114.15102579630911, 51.06461129151285], [-114.15101322345436, 51.064537698403], [-114.15095522068441, 51.06435438618064], [-114.1508278157562, 51.06419303454459], [-114.15068875998259, 51.06405967846513], [-114.1504874266684, 51.06393503956497], [-114.15027469396591, 51.06381978839636], [-114.1500349715352, 51.063727755099535], [-114.14977605454624, 51.06363127939403], [-114.14973950944841, 51.063617868348956], [-114.14950473234057, 51.06351644732058], [-114.149260064587, 51.06342516839504], [-114.14917968213558, 51.06339658610523], [-114.1490298975259, 51.063345205038786], [-114.14881808683276, 51.06326197274029], [-114.1485724132508, 51.06313096359372], [-114.14853787980974, 51.063111601397395], [-114.14829237386584, 51.062992829829454], [-114.14825490675867, 51.06297807767987], [-114.14799464866519, 51.062872633337975], [-114.147914852947, 51.06283918954432], [-114.14772701449692, 51.06276526115835], [-114.14757094345987, 51.06268462724984], [-114.14748209528625, 51.06261866167188], [-114.14731009863317, 51.06255613267422], [-114.14711941033602, 51.062471475452185], [-114.14686183445156, 51.062360582873225], [-114.14666804485023, 51.06229051016271], [-114.14639345370233, 51.062190094962716], [-114.1461155936122, 51.06210661120713], [-114.14586857892573, 51.061991108581424], [-114.14565408602357, 51.06189697980881], [-114.14552517235279, 51.06183277443051], [-114.1453972645104, 51.06176923960447], [-114.14531118236482, 51.06171450577676], [-114.14526784792542, 51.06170008890331], [-114.14521738886833, 51.061667650938034], [-114.14516533724964, 51.06162842363119], [-114.14515276439488, 51.06162339448929], [-114.14509752765298, 51.06160235591233], [-114.14506249129772, 51.06157989241183], [-114.14495796896517, 51.061522141098976], [-114.14491723291576, 51.06150948442519], [-114.14472595788538, 51.06145785190165], [-114.14459276944399, 51.061410242691636], [-114.14438758045435, 51.061323154717684], [-114.14418959990144, 51.06124763377011], [-114.1441067866981, 51.061232881620526], [-114.14407007396221, 51.061222488060594], [-114.14392783306539, 51.06116616167128], [-114.14381241425872, 51.06111561879516], [-114.14363781921566, 51.06103456579149], [-114.14338703267276, 51.06094429269433], [-114.14313280954957, 51.06085695326328], [-114.14283525198698, 51.06075771152973], [-114.14261866360903, 51.060648914426565], [-114.142364859581, 51.06053416617215], [-114.1422919370234, 51.060501309111714], [-114.14202673360705, 51.06038823723793], [-114.1418447624892, 51.06030575931072], [-114.14158215746284, 51.060185143724084], [-114.14131955243647, 51.060103168711066], [-114.14125165902078, 51.06007944792509], [-114.14100087247789, 51.059973500669], [-114.14096273481846, 51.059956988319755], [-114.14071437902749, 51.05983654037118], [-114.1404562164098, 51.05972581543028], [-114.14021959528327, 51.059613078832626], [-114.1401884984225, 51.05959329754114], [-114.13995078764856, 51.059474693611264], [-114.13970796391368, 51.05935298837721], [-114.13953202776611, 51.059261206537485], [-114.13950311020017, 51.05924352072179], [-114.13934343494475, 51.059167832136154], [-114.13911234587431, 51.05905316770077], [-114.1388847772032, 51.05894001200795], [-114.13885133340955, 51.05892383493483], [-114.1385998763144, 51.05880003422499], [-114.13837775588036, 51.05868813581765], [-114.13834917359054, 51.05867279693484], [-114.13822470232844, 51.05860632844269], [-114.13798305206001, 51.05849568732083], [-114.13791867904365, 51.05846794322133], [-114.13770074956119, 51.05837029404938], [-114.1375326924026, 51.05830265209079], [-114.13744568824768, 51.058262502774596], [-114.13721853867173, 51.05814482085407], [-114.13718517869711, 51.05812973342836], [-114.13700530305505, 51.05803560465574], [-114.13676013238728, 51.05791004374623], [-114.13672551512718, 51.057893028482795], [-114.1365225892514, 51.05780283920467], [-114.1364189889282, 51.057756152004], [-114.13622955791652, 51.05766596272588], [-114.13599369116127, 51.057560769841075], [-114.1357675474137, 51.0574490390718], [-114.1355590056628, 51.05734786950052], [-114.13533856160939, 51.05722155421972], [-114.13510764017701, 51.05710496194661], [-114.13489666767418, 51.05699138715863], [-114.13466717116535, 51.0568861104548], [-114.13442024029791, 51.056775050237775], [-114.1342016402632, 51.05666977353394], [-114.13400969468057, 51.05658897198737], [-114.13378573022783, 51.05650749988854], [-114.13352178409696, 51.05642778798938], [-114.1334869991988, 51.0564143769443], [-114.13321433588862, 51.05633516795933], [-114.13297612220049, 51.05627590790391], [-114.1328236553818, 51.056240955367684], [-114.13276028819382, 51.0562143009156], [-114.13253548555076, 51.05614774860442], [-114.13242517970502, 51.056106593459845], [-114.13230665959418, 51.05606535449624], [-114.13216492161155, 51.0560295637697], [-114.13201069459319, 51.056003496050835], [-114.1318511031568, 51.05597156099975], [-114.13171707652509, 51.05593007057905], [-114.13170106709003, 51.055922862142324], [-114.13158648647368, 51.055885814130306], [-114.13137702271342, 51.05583577416837], [-114.13125364109874, 51.05579713359475], [-114.13094560615718, 51.05573167093098], [-114.1308669000864, 51.055709794163704], [-114.1305872797966, 51.05564315803349], [-114.13054713048041, 51.05563469231129], [-114.13030405528843, 51.05559102259576], [-114.13010490126908, 51.05553628876805], [-114.12997992709279, 51.05551231652498], [-114.12968295626342, 51.05545858852565], [-114.12964507006109, 51.05544978752732], [-114.12950098514557, 51.055406872183084], [-114.12937927991152, 51.055369740352035], [-114.12908800877631, 51.05529019609094], [-114.1290467698127, 51.05527904815972], [-114.12880570627749, 51.055222218856215], [-114.1285184584558, 51.05515097267926], [-114.12839197553694, 51.05512574315071], [-114.1282354015857, 51.05509204789996], [-114.12795385345817, 51.05503530241549], [-114.12791730836034, 51.05502599850297], [-114.12764917127788, 51.0549536626786], [-114.12739679217339, 51.054866993799806], [-114.12721808999777, 51.05480555444956], [-114.12713879719377, 51.05478459969163], [-114.12690720520914, 51.054731123149395], [-114.12664619274437, 51.05465451255441], [-114.1266124136746, 51.0546410176903], [-114.12632952444255, 51.0545564442873], [-114.12607270292938, 51.054475139826536], [-114.12603565491736, 51.0544613096863], [-114.12583272904158, 51.05438117869198], [-114.12563072517514, 51.05429249815643], [-114.12539334967732, 51.05419451370835], [-114.12515396252275, 51.05409317649901], [-114.12511733360589, 51.05407842434943], [-114.12508472800255, 51.05405956506729], [-114.1249302495271, 51.05398412793875], [-114.12471240386367, 51.053883377462626], [-114.12454384379089, 51.053791427984834], [-114.12432122044265, 51.053677601739764], [-114.12410127930343, 51.053562769666314], [-114.1238646581769, 51.0534686408937], [-114.12383046001196, 51.053452882915735], [-114.12358352914453, 51.053356574848294], [-114.12337331101298, 51.053272588178515], [-114.12317742593586, 51.05317519046366], [-114.12293401546776, 51.05306857265532], [-114.12289881147444, 51.053051641210914], [-114.12266193889081, 51.052935970947146], [-114.12242623977363, 51.05281627736986], [-114.1223917901516, 51.05280169285834], [-114.12215634249151, 51.0526895429939], [-114.1221171990037, 51.052672527730465], [-114.12188309244812, 51.05256121605635], [-114.12184864282608, 51.052544033154845], [-114.12167186848819, 51.05242953635752], [-114.12143399007618, 51.0523097589612], [-114.12136827595532, 51.05227782391012], [-114.12114355713129, 51.052163327112794], [-114.12096980027854, 51.05206391774118], [-114.12090743891895, 51.05203282088041], [-114.12074667401612, 51.05195386335254], [-114.12050158716738, 51.05182712897658], [-114.1203020978719, 51.05171313509345], [-114.12011979147792, 51.051622023805976], [-114.11995869129896, 51.05149663053453], [-114.1198718547821, 51.05144692584872], [-114.11984838545322, 51.051434436813], [-114.11984788253903, 51.05143267661333], [-114.11982474848628, 51.05141448788345], [-114.11979348398745, 51.051400657743216], [-114.11969147622585, 51.05135447345674], [-114.11966423504055, 51.05133066885173], [-114.11956650204957, 51.051244754344225], [-114.11949617788196, 51.051203766837716], [-114.11945141851902, 51.05116403661668], [-114.11934815347195, 51.05108331888914], [-114.11925511434674, 51.0509922914207], [-114.11915520206094, 51.05089279823005], [-114.11908756010234, 51.05081451125443], [-114.11903425119817, 51.05072423815727], [-114.1189362667501, 51.05059524066746], [-114.11882151849568, 51.05042768642306], [-114.11873191595078, 51.05023833923042], [-114.11866242997348, 51.05007816106081], [-114.11857861094177, 51.04988873004913], [-114.11851390264928, 51.049711452797055], [-114.11843025125563, 51.04951531626284], [-114.11841508001089, 51.049470053985715], [-114.11835984326899, 51.04933041147888], [-114.118349282071, 51.04930694215], [-114.11824492737651, 51.04912782087922], [-114.11809857934713, 51.04897443205118], [-114.11795642226934, 51.04887468740344], [-114.1177861019969, 51.04874468408525], [-114.11756347864866, 51.048635048791766], [-114.11730573512614, 51.04851543903351], [-114.11726835183799, 51.04850177653134], [-114.1169898211956, 51.048400020226836], [-114.11695503629744, 51.04839188978076], [-114.11665253341198, 51.04834017343819], [-114.11661565303802, 51.04833472520113], [-114.11632656119764, 51.04830010794103], [-114.11628968082368, 51.04829901829362], [-114.11605968140066, 51.04829382151365], [-114.11582607775927, 51.04831125587225], [-114.11555517464876, 51.048325253650546], [-114.11540522240102, 51.04835777543485], [-114.11534202285111, 51.048378394916654], [-114.11529374308884, 51.04838895611465], [-114.11525367759168, 51.04839784093201], [-114.11501789465547, 51.048429775983095], [-114.11474556662142, 51.04847386479378], [-114.11443870514631, 51.04851610958576], [-114.11418129689991, 51.04856011457741], [-114.11410879343748, 51.04857595637441], [-114.11389698274434, 51.04860495775938], [-114.11360261030495, 51.04864502325654], [-114.11333355121315, 51.04869447648525], [-114.11302752792835, 51.04872859083116], [-114.11299089901149, 51.04873236268759], [-114.11274447105825, 51.04877552948892], [-114.11249033175409, 51.04882028885186], [-114.1121959593147, 51.0488716699183], [-114.11187794990838, 51.04890251532197], [-114.1116433404386, 51.04893277399242], [-114.11138718947768, 51.048960937187076], [-114.11117261275649, 51.04898264631629], [-114.11087287589908, 51.049011731520295], [-114.11062887869775, 51.049039056524634], [-114.11059275269508, 51.04903972707689], [-114.11033065058291, 51.049067890271544], [-114.11008112132549, 51.04906998574734], [-114.10982061177492, 51.049082307145], [-114.10969337448478, 51.04907048866153], [-114.10959371365607, 51.04907652363181], [-114.10932373255491, 51.04908440262079], [-114.10911745391786, 51.04908951558173], [-114.10884646698833, 51.049091359600425], [-114.10859383642673, 51.049100160598755], [-114.10848428495228, 51.0491031780839], [-114.10832678899169, 51.049107536673546], [-114.1081193368882, 51.049112398177385], [-114.1080432292074, 51.04909454472363], [-114.10801037214696, 51.049091359600425], [-114.10799394361675, 51.04908331297338], [-114.10798028111458, 51.049079205840826], [-114.10786595195532, 51.04908314533532], [-114.10781968384981, 51.049084989354014], [-114.1076703183353, 51.049083564430475], [-114.10756403580308, 51.04909052141011], [-114.10753964446485, 51.04908884502947], [-114.1073819808662, 51.04908767156303], [-114.10729338414967, 51.049084570258856], [-114.10721702501178, 51.04908281005919], [-114.10706916823983, 51.049075769260526], [-114.10697529092431, 51.04906571097672], [-114.10690228454769, 51.049068393185735], [-114.10674495622516, 51.04906705208123], [-114.10662341862917, 51.04905439540744], [-114.10660061985254, 51.049055149778724], [-114.10638486966491, 51.049058083444834], [-114.10619233734906, 51.04906076565385], [-114.10594373010099, 51.04905263520777], [-114.1059019882232, 51.0490511264652], [-114.10557677038014, 51.04906520806253], [-114.10529564134777, 51.04910342954099], [-114.10504602827132, 51.04912153445184], [-114.1047581937164, 51.04913301765919], [-114.10471678711474, 51.049132933840156], [-114.1043942514807, 51.04911466129124], [-114.10419333726168, 51.04910594411194], [-114.10406819544733, 51.0490944609046], [-114.10377709195018, 51.04908004403114], [-114.10347701981664, 51.04907157830894], [-114.10343309864402, 51.04907291941345], [-114.10318273119628, 51.04905632324517], [-114.1028793901205, 51.04903251864016], [-114.1026951558888, 51.04900578036904], [-114.1024673357606, 51.04898842982948], [-114.10239340737462, 51.0489855799824], [-114.10208947956562, 51.04895574040711], [-114.10177985206246, 51.04891098104417], [-114.10153702832758, 51.04889371432364], [-114.10145907662809, 51.04888600297272], [-114.10121843218803, 51.04887569323182], [-114.10113075748086, 51.04887602850795], [-114.10087645053864, 51.04886521585286], [-114.10074762068689, 51.04885691776872], [-114.10062884911895, 51.048849960789084], [-114.10046573728323, 51.048838309943676], [-114.100346211344, 51.048838729038835], [-114.10008737817407, 51.04885616339743], [-114.10004429519176, 51.04885624721646], [-114.09976199269295, 51.04886203072965], [-114.09948446787894, 51.04888114146888], [-114.09919772297144, 51.04889614507556], [-114.09915832802653, 51.0488991625607], [-114.09898683428764, 51.048898827284575], [-114.09887585788965, 51.04891508817673], [-114.09876027144492, 51.04894610121846], [-114.09875222481787, 51.04893101379275], [-114.09869539551437, 51.04892732575536], [-114.09854586236179, 51.04894400574267], [-114.09837981685996, 51.04893344454467], [-114.09809650853276, 51.048957416787744], [-114.0978235937655, 51.04899480007589], [-114.09758965484798, 51.049017598852515], [-114.09736636094749, 51.04904073290527], [-114.09711088053882, 51.049082642421126], [-114.09686143510044, 51.04910150170326], [-114.09659137018025, 51.04914885945618], [-114.09635609015822, 51.049192026257515], [-114.0960933174938, 51.04923536069691], [-114.09585879184306, 51.04925723746419], [-114.09556307829916, 51.049279952421784], [-114.09531480632722, 51.049290178343654], [-114.09500467590988, 51.04931876063347], [-114.09479194320738, 51.04933510534465], [-114.09452565014362, 51.04933636263013], [-114.09432574175298, 51.04931968264282], [-114.0941347181797, 51.04934214614332], [-114.09391502849758, 51.04935438372195], [-114.09368201158941, 51.049413392320275], [-114.09348771907389, 51.04950450360775], [-114.09327934496105, 51.04961824603379], [-114.093131236732, 51.049696281552315], [-114.09295345656574, 51.049788147211075], [-114.09293057397008, 51.04980021715164], [-114.09276838414371, 51.04988353326917], [-114.09260359592736, 51.04996626265347], [-114.09243394620717, 51.05008662678301], [-114.09231903031468, 51.05016013607383], [-114.09229002892971, 51.05018176138401], [-114.0922508854419, 51.05021973140538], [-114.09221249632537, 51.05025200173259], [-114.0921779628843, 51.050284104421735], [-114.09208936616778, 51.05034830980003], [-114.0920040383935, 51.05041469447315], [-114.09187529236078, 51.05048309080303], [-114.09178426489234, 51.050552409142256], [-114.09170522354543, 51.05059121735394], [-114.09168661572039, 51.05059892870486], [-114.09155652858317, 51.050658943131566], [-114.09138629212976, 51.05072557926178], [-114.09136366099119, 51.050733709707856], [-114.09134052693844, 51.050742510706186], [-114.0912685263902, 51.05076287873089], [-114.09113575704396, 51.05079757981002], [-114.09102109260857, 51.05082440190017], [-114.09082671627402, 51.05086321011186], [-114.09067081287503, 51.050905873999], [-114.09060794860125, 51.0509212128818], [-114.09055732190609, 51.05093873105943], [-114.09042555838823, 51.050975946709514], [-114.09029044210911, 51.05100545100868], [-114.09018130972981, 51.05103746987879], [-114.09005641937256, 51.051063034683466], [-114.08993991091847, 51.05107485316694], [-114.08982222899795, 51.05109681375325], [-114.08979901112616, 51.051105447113514], [-114.08969398587942, 51.0511476919055], [-114.08956247381866, 51.051175352185965], [-114.08944034948945, 51.05121131055057], [-114.08928620629013, 51.05124047957361], [-114.08910339698195, 51.05127434246242], [-114.08893081359565, 51.05130912736058], [-114.08871824853122, 51.05135204270482], [-114.08868078142405, 51.05136092752218], [-114.08844910562038, 51.051423875615], [-114.08817568793893, 51.05148347094655], [-114.0881338622421, 51.051492020487785], [-114.08793663606048, 51.051532085984945], [-114.08766682259738, 51.0515898372978], [-114.0876298584044, 51.05159679427743], [-114.08739625476301, 51.05164867825806], [-114.0871393494308, 51.05170777067542], [-114.08690800890326, 51.051768623292446], [-114.08665470778942, 51.05183903127909], [-114.08639227040112, 51.05192419141531], [-114.0861496143043, 51.051984122022986], [-114.08607853576541, 51.051998287439346], [-114.08596152439713, 51.052015805616975], [-114.0856696665287, 51.05209761299193], [-114.08541343174875, 51.052163327112794], [-114.08512475900352, 51.05222091078758], [-114.08490196801722, 51.052286038175225], [-114.08470734022558, 51.05232585221529], [-114.08451053313911, 51.05236038565636], [-114.08443962223828, 51.05237413197756], [-114.08425957895815, 51.05240782722831], [-114.08422177657485, 51.05241235345602], [-114.084034524858, 51.05242542922497], [-114.08392690122128, 51.05242400430143], [-114.0836806409061, 51.052473625168204], [-114.08343605697155, 51.05254562571645], [-114.08336757682264, 51.05256951414049], [-114.08323204144835, 51.05261460877955], [-114.08317336812615, 51.05264050886035], [-114.08295795321465, 51.05273773893714], [-114.08292509615421, 51.05275307781994], [-114.08270859159529, 51.05284167453647], [-114.08251639455557, 51.05293898843229], [-114.08229670487344, 51.05305843055248], [-114.08209947869182, 51.05316035449505], [-114.08188666217029, 51.05328155681491], [-114.08178155310452, 51.05335741303861], [-114.08169329166412, 51.053428994491696], [-114.08162171021104, 51.05346235446632], [-114.08149304799736, 51.05350979603827], [-114.08139883540571, 51.05357852764428], [-114.08132549375296, 51.05361012741923], [-114.08128760755062, 51.05362764559686], [-114.08121326006949, 51.053653713315725], [-114.08116087317467, 51.05367542244494], [-114.08100781962276, 51.0537501052022], [-114.08090019598603, 51.05384306050837], [-114.08081403002143, 51.05389695614576], [-114.08070934005082, 51.053953785449266], [-114.08058017492294, 51.05402369052172], [-114.0804717130959, 51.05409191921353], [-114.0803559590131, 51.054173056036234], [-114.08018471673131, 51.05425301939249], [-114.08010031096637, 51.05429995805025], [-114.07998061738908, 51.05436449870467], [-114.07989419996738, 51.054414538666606], [-114.07981448806822, 51.054476564750075], [-114.0797261428088, 51.0545289516449], [-114.07967308536172, 51.05455736629665], [-114.0796191059053, 51.054588463157415], [-114.07945699989796, 51.054675970226526], [-114.07940042205155, 51.05470639653504], [-114.07926388084888, 51.054792227223516], [-114.07913580536842, 51.05487889610231], [-114.07910889945924, 51.054892893880606], [-114.07894100993872, 51.0550020262599], [-114.0787776466459, 51.05509104207158], [-114.07872685231268, 51.05511920526624], [-114.07865007407963, 51.05517511256039], [-114.07857120037079, 51.05521551333368], [-114.07842569053173, 51.05530654080212], [-114.07826065085828, 51.05540041811764], [-114.0780373569578, 51.055530505254865], [-114.07786686904728, 51.055612647905946], [-114.07783887349069, 51.055628741160035], [-114.07778363674879, 51.05566017329693], [-114.07767458818853, 51.055730916559696], [-114.07750259153545, 51.05582697317004], [-114.07744500786066, 51.05585622601211], [-114.07733738422394, 51.05591984465718], [-114.07728189602494, 51.05595194734633], [-114.0770788025111, 51.056074323132634], [-114.07704938203096, 51.056091925129294], [-114.07691518776119, 51.05617130175233], [-114.0768885333091, 51.05618420988321], [-114.07678627409041, 51.05625621043146], [-114.07669382169843, 51.05632527731359], [-114.07668200321496, 51.05633458122611], [-114.07664922997355, 51.056355368345976], [-114.0766105055809, 51.05637649074197], [-114.07657152973115, 51.056396439671516], [-114.07649701461196, 51.05644756928086], [-114.07638528384268, 51.05651680380106], [-114.07626793719828, 51.056595677509904], [-114.07616081647575, 51.05665954761207], [-114.0760697890073, 51.0567064024508], [-114.0759989619255, 51.05673959478736], [-114.07582210376859, 51.05683204717934], [-114.07576284371316, 51.05685786344111], [-114.07555329613388, 51.0569276008755], [-114.07542111352086, 51.056979820132256], [-114.07528021372855, 51.057030111551285], [-114.0751183591783, 51.05706850066781], [-114.07508089207113, 51.05708945542574], [-114.07493907026947, 51.05716036632657], [-114.07479121349752, 51.05720680207014], [-114.0746347233653, 51.05723421089351], [-114.07447253353894, 51.05725508183241], [-114.0743981860578, 51.057261787354946], [-114.0741013828665, 51.05730855837464], [-114.07395821996033, 51.057318449020386], [-114.07381631433964, 51.05732976458967], [-114.07367390580475, 51.05735155753791], [-114.07359511591494, 51.05736220255494], [-114.07344164326787, 51.05738718062639], [-114.0733690559864, 51.05739497579634], [-114.07306806184351, 51.05744292028248], [-114.07276539131999, 51.05749882757664], [-114.07272960059345, 51.05750377289951], [-114.07242885790765, 51.0575354564935], [-114.07220925204456, 51.05755272321403], [-114.07193834893405, 51.05757610872388], [-114.07162578776479, 51.057593459263444], [-114.07128824852407, 51.05759899131954], [-114.07106956467032, 51.05759186670184], [-114.07081559300423, 51.05756915174425], [-114.07069841399789, 51.05756848119199], [-114.07053991220891, 51.057565128430724], [-114.0705010201782, 51.05756504461169], [-114.0703474637121, 51.05756772682071], [-114.07023397274315, 51.057569989934564], [-114.07011930830777, 51.057567056268454], [-114.06997689977288, 51.05754677206278], [-114.06990699470043, 51.057539228349924], [-114.06968210823834, 51.05753528885543], [-114.06950885429978, 51.05753411538899], [-114.06928597949445, 51.05752640403807], [-114.0690501127392, 51.057521710172296], [-114.0687863342464, 51.05750176124275], [-114.06875213608146, 51.057496815919876], [-114.06849598512053, 51.057470915839076], [-114.0682749543339, 51.057459600269794], [-114.06812081113458, 51.057429760694504], [-114.0680262632668, 51.05740218423307], [-114.06800178810954, 51.05738961137831], [-114.06799298711121, 51.057376619428396], [-114.06796549446881, 51.05738282203674], [-114.067870862782, 51.05738986283541], [-114.06770406290889, 51.05738273821771], [-114.06752393580973, 51.057352563366294], [-114.06728882342577, 51.0573089774698], [-114.06705253757536, 51.057237815111876], [-114.06691683456302, 51.057201102375984], [-114.06682748347521, 51.057169837877154], [-114.06670133583248, 51.05712625198066], [-114.0665673930198, 51.057074116542935], [-114.06634694896638, 51.05698384344578], [-114.06611518934369, 51.056894240900874], [-114.06593631953001, 51.05680514127016], [-114.06575434841216, 51.056699864566326], [-114.06555267982185, 51.05657245963812], [-114.06545234844089, 51.056514121592045], [-114.06536458991468, 51.05644656345248], [-114.06528864987195, 51.05637573637068], [-114.06520927324891, 51.05630088597536], [-114.06515185721219, 51.05623936280608], [-114.0650754980743, 51.05615344829857], [-114.0649111289531, 51.05599209666252], [-114.0647594165057, 51.05583024211228], [-114.06474365852773, 51.05581037700176], [-114.06459596939385, 51.05564542114735], [-114.06449563801289, 51.05554492212832], [-114.06431760638952, 51.055399077013135], [-114.06429681926966, 51.055380972102284], [-114.06419640406966, 51.055285166949034], [-114.06414058059454, 51.05522724799812], [-114.06398132443428, 51.05507553555071], [-114.06386934220791, 51.05496799573302], [-114.06377244740725, 51.05483899824321], [-114.06375476159155, 51.05481628328562], [-114.06366658397019, 51.05472098104656], [-114.063650239259, 51.054701870307326], [-114.06351923011243, 51.05457119643688], [-114.06339433975518, 51.05442116037011], [-114.06329945661128, 51.05431714095175], [-114.06314338557422, 51.05416031554341], [-114.06295035034418, 51.05401472188532], [-114.06282520852983, 51.05393651872873], [-114.06277097761631, 51.05390743352473], [-114.0626092068851, 51.05381456203759], [-114.06259814277291, 51.05365061201155], [-114.06264776363969, 51.05358741246164], [-114.0626646950841, 51.0534424893558], [-114.06257576309144, 51.05346403084695], [-114.06256704591215, 51.05344232171774], [-114.0625248849392, 51.0533063672483], [-114.06253905035555, 51.053201761096716], [-114.06255137175322, 51.05310411192477], [-114.06254533678293, 51.05304837226868], [-114.06254902482033, 51.05303881689906], [-114.06255003064871, 51.053035045042634], [-114.0625973045826, 51.05296505615115], [-114.06258213333786, 51.052940748631954], [-114.06254273839295, 51.052899761125445], [-114.06253972090781, 51.05281149968505], [-114.06256595626473, 51.05271100066602], [-114.06257945112884, 51.05269289575517], [-114.0625933650881, 51.052668672055006], [-114.06267173588276, 51.05254881083965], [-114.06269285827875, 51.05249826796353], [-114.06270744279027, 51.05236533097923], [-114.06269947998226, 51.0523459687829], [-114.06261440366507, 51.05234848335385], [-114.06267433427274, 51.0522719565779], [-114.06266863457859, 51.05223348364234], [-114.06265622936189, 51.05213667266071], [-114.06245900318027, 51.05198571458459], [-114.0623020939529, 51.051905918866396], [-114.06209162436426, 51.051831655204296], [-114.06196773983538, 51.0517933499068], [-114.06183203682303, 51.051749931648374], [-114.06161804683506, 51.05165546759963], [-114.06135560944676, 51.05157156474888], [-114.06114916317165, 51.05151968076825], [-114.06091522425413, 51.051421193405986], [-114.06088496558368, 51.05140677653253], [-114.06070777215064, 51.05136134661734], [-114.06060232780874, 51.05131817981601], [-114.06053409911692, 51.05129772797227], [-114.06046645715833, 51.05128079652786], [-114.06030368059874, 51.0512322653085], [-114.060087678954, 51.051181219518185], [-114.059844519943, 51.05113595724106], [-114.05963765457273, 51.051094802096486], [-114.05934805981815, 51.051051719114184], [-114.05914748087525, 51.05100494809449], [-114.05889325775206, 51.050939820706844], [-114.05870374292135, 51.05089321732521], [-114.05852135270834, 51.05084569193423], [-114.0584163274616, 51.050832867622375], [-114.05825581401587, 51.05082096531987], [-114.0582368709147, 51.05081853456795], [-114.05815154314041, 51.050808895379305], [-114.05809085816145, 51.050796154886484], [-114.05798910185695, 51.050755167379975], [-114.05796973966062, 51.050750305876136], [-114.05793101526797, 51.05074376799166], [-114.05778449960053, 51.05071300640702], [-114.05773848295212, 51.0507055465132], [-114.05769263394177, 51.05070110410452], [-114.05752742663026, 51.05066305026412], [-114.05736523680389, 51.050629606470466], [-114.05718217603862, 51.050589540973306], [-114.05699777416885, 51.05055400170386], [-114.05676500871778, 51.05052139610052], [-114.05653609894216, 51.05046020820737], [-114.05634029768407, 51.0504100844264], [-114.05609931796789, 51.05036046355963], [-114.05591994524002, 51.05032844468951], [-114.0557068772614, 51.05027253739536], [-114.05556555837393, 51.050203973427415], [-114.05545399524271, 51.050157537683845], [-114.05527110211551, 51.05011336505413], [-114.05517395585775, 51.050082268193364], [-114.05509323813021, 51.05005905032158], [-114.0549539308995, 51.05003574863076], [-114.05476332642138, 51.049995850771666], [-114.0546674374491, 51.04996936395764], [-114.05450851656497, 51.049918150529265], [-114.0542704705149, 51.04985386133194], [-114.05410031788051, 51.049816561862826], [-114.05403317883611, 51.04979996569455], [-114.05380133539438, 51.04973106645048], [-114.05359639786184, 51.049654707312584], [-114.05343990772963, 51.049558566883206], [-114.05329884029925, 51.04949310421944], [-114.05306029133499, 51.04939260520041], [-114.05302936211228, 51.049377266317606], [-114.05281746760011, 51.049293195828795], [-114.05257942155004, 51.04919563047588], [-114.05232938937843, 51.04909697547555], [-114.0520531218499, 51.04899438098073], [-114.05190392397344, 51.04895490221679], [-114.05179764144123, 51.048914417624474], [-114.05162673443556, 51.04886144399643], [-114.05160075053573, 51.04885121807456], [-114.0515087172389, 51.04881660081446], [-114.05135951936245, 51.048738146200776], [-114.0510959085077, 51.048627169802785], [-114.05099859461188, 51.048592468723655], [-114.0509079862386, 51.048556258901954], [-114.05070061795413, 51.04846430942416], [-114.0505593828857, 51.04837101884186], [-114.05048528686166, 51.04823808185756], [-114.05051965266466, 51.04806742630899], [-114.0505467262119, 51.04793943464756], [-114.0505657531321, 51.047880006954074], [-114.05054555274546, 51.04786206968129], [-114.05039995908737, 51.047792164608836], [-114.05016627162695, 51.0477093514055], [-114.04990400187671, 51.04760809801519], [-114.04968288727105, 51.047593681141734], [-114.04946998693049, 51.047588903456926], [-114.04921215958893, 51.04757163673639], [-114.04898911714554, 51.047506760805845], [-114.0489078965038, 51.04737491346896], [-114.04881896451116, 51.04718707501888], [-114.04882055707276, 51.047167209908366], [-114.04878602363169, 51.0470893420279], [-114.04855208471417, 51.046971241012216], [-114.04852501116693, 51.04695338755846], [-114.04835544526577, 51.04681852273643], [-114.04830012470484, 51.046736212447286], [-114.04829853214324, 51.04673252440989], [-114.0482931677252, 51.04670360684395], [-114.04825477860868, 51.04663135483861], [-114.04824698343873, 51.04662012308836], [-114.04823885299265, 51.046579806134105], [-114.0482418704778, 51.04648249223828], [-114.04825209639966, 51.04638702236116], [-114.04825335368514, 51.04635978117585], [-114.04825779609382, 51.046294486150146], [-114.04825301840901, 51.046275459229946], [-114.04827531427145, 51.0461500659585], [-114.0482986997813, 51.04598921723664], [-114.04828554019332, 51.04578989557922], [-114.0482867974788, 51.04569409042597], [-114.04830850660801, 51.04554355144501], [-114.04830825515091, 51.045352863147855], [-114.04830817133188, 51.04532721452415], [-114.04829744249582, 51.04518078267574], [-114.04832032509148, 51.04509612545371], [-114.0483179781586, 51.045027980580926], [-114.04831311665475, 51.0450136475265], [-114.0483087580651, 51.044997218996286], [-114.04829509556293, 51.044885236769915], [-114.04829123988748, 51.04471458122134], [-114.04829274863005, 51.04468960314989], [-114.04827950522304, 51.044577453285456], [-114.04829098843038, 51.044445438310504], [-114.048295263201, 51.04427369311452], [-114.04826894402504, 51.044129775837064], [-114.04825980775058, 51.044101445004344], [-114.04813835397363, 51.043965155258775], [-114.04789418913424, 51.04388913139701], [-114.04781087301672, 51.043879659846425], [-114.04769310727715, 51.04388535954058], [-114.04744567349553, 51.04387295432389], [-114.04723377898335, 51.043874714523554], [-114.04704962857068, 51.04387731291354], [-114.04679741710424, 51.04385409504175], [-114.04648024588823, 51.04381553828716], [-114.04617640189826, 51.04379357770085], [-114.04588781297207, 51.0437841899693], [-114.04560400173068, 51.04377823881805], [-114.04531373642385, 51.043764827772975], [-114.04506705701351, 51.04376248084009], [-114.04477528296411, 51.04376600123942], [-114.04447789303958, 51.043763905763626], [-114.04443481005728, 51.04375979863107], [-114.04427873902023, 51.0437342338264], [-114.04417027719319, 51.043714955449104], [-114.04398763552308, 51.04367430321872], [-114.04395251534879, 51.04367036372423], [-114.04383986257017, 51.0436427872628], [-114.04368697665632, 51.043614875525236], [-114.04356795363128, 51.04359735734761], [-114.04344758950174, 51.04354379698634], [-114.04340794309974, 51.04351454414427], [-114.04327182099223, 51.04342611506581], [-114.04320057481527, 51.04337079450488], [-114.04320878908038, 51.043336261063814], [-114.04324868693948, 51.043313797563314], [-114.04325740411878, 51.043313881382346], [-114.04332923702896, 51.04324313811958], [-114.04346074908972, 51.04308295994997], [-114.04359268024564, 51.04291775263846], [-114.04366778209805, 51.04278380982578], [-114.043701980263, 51.04273938573897], [-114.0438362583518, 51.04255037382245], [-114.04384941793978, 51.042524725198746], [-114.0439955983311, 51.04236764833331], [-114.04402082785964, 51.04234694503248], [-114.04419072903693, 51.042197830975056], [-114.04421084560454, 51.0421746969223], [-114.04436599463224, 51.04201879352331], [-114.04452122747898, 51.04187269695103], [-114.04454008676112, 51.04185023345053], [-114.0447086468339, 51.04168904945254], [-114.04472658410668, 51.04166650213301], [-114.04486337676644, 51.04148872196674], [-114.04483303427696, 51.041391994804144], [-114.04468878172338, 51.04132787324488], [-114.04453564435244, 51.041257632896304], [-114.04448091052473, 51.04123894125223], [-114.04430514201522, 51.04118060320616], [-114.04421905986965, 51.04112402535975], [-114.04421579092741, 51.04109846055508], [-114.04429835267365, 51.04094188660383], [-114.04453338123858, 51.040808195248246], [-114.04456565156579, 51.04079235345125], [-114.0447554178536, 51.04069051332772], [-114.04497527517378, 51.04055120609701], [-114.04506085440516, 51.0404840670526], [-114.04514987021685, 51.04041600599885], [-114.04531214386225, 51.04027929715812], [-114.04549847356975, 51.04013253003359], [-114.0455596614629, 51.04008609429002], [-114.04561766423285, 51.04003932327032], [-114.04576174914837, 51.03993195109069], [-114.04595579020679, 51.03977185674012], [-114.04597842134535, 51.039746794849634], [-114.04609652236104, 51.03960379958153], [-114.04615988954902, 51.0395360738039], [-114.04621537774801, 51.039466839283705], [-114.04632350429893, 51.039287969470024], [-114.046442611143, 51.03912795893848], [-114.04656750150025, 51.03894975967705], [-114.04659893363714, 51.038912795484066], [-114.04665567912161, 51.0388420522213], [-114.04670991003513, 51.038793521001935], [-114.04673798941076, 51.03873359039426], [-114.0467357262969, 51.038725124672055], [-114.04673396609724, 51.038672821596265], [-114.04675919562578, 51.03865320794284], [-114.04678626917303, 51.03865412995219], [-114.04684251174331, 51.03862848132849], [-114.04689154587686, 51.038588332012296], [-114.0469135902822, 51.03855731897056], [-114.0469122491777, 51.03855270892382], [-114.04691308736801, 51.038550194352865], [-114.046910405159, 51.03855136781931], [-114.04690395109355, 51.03854692541063]]}, "properties": {"name": "Servus_Credit_Union_Marathon.fit"}}]}